Pirate URL,Pirate Name,Crew Name,Crew URL,Last Updated (UTC)
https://emerald.puzzlepirates.com/yoweb/pirate.wm?classic=false&target=Brocko,Brocko,League of Shadows,https://emerald.puzzlepirates.com/yoweb/crew/info.wm?crewid=5008157&classic=$classic,2026-02-25T22:58:10+00:00
https://emerald.puzzlepirates.com/yoweb/pirate.wm?classic=false&target=Bigtimerz,Bigtimerz,League of Shadows,https://emerald.puzzlepirates.com/yoweb/crew/info.wm?crewid=5008157&classic=$classic,2026-02-25T22:58:10+00:00
https://emerald.puzzlepirates.com/yoweb/pirate.wm?classic=false&target=Classless,Classless,League of Shadows,https://emerald.puzzlepirates.com/yoweb/crew/info.wm?crewid=5008157&classic=$classic,2026-02-25T22:58:10+00:00
https://emerald.puzzlepirates.com/yoweb/pirate.wm?classic=false&target=Gelatoisback,Gelatoisback,League of Shadows,https://emerald.puzzlepirates.com/yoweb/crew/info.wm?crewid=5008157&classic=$classic,2026-02-25T22:58:10+00:00
https://emerald.puzzlepirates.com/yoweb/pirate.wm?classic=false&target=Juurikki,Juurikki,League of Shadows,https://emerald.puzzlepirates.com/yoweb/crew/info.wm?crewid=5008157&classic=$classic,2026-02-25T22:58:10+00:00
https://emerald.puzzlepirates.com/yoweb/pirate.wm?classic=false&target=Narrewaz,Narrewaz,League of Shadows,https://emerald.puzzlepirates.com/yoweb/crew/info.wm?crewid=5008157&classic=$classic,2026-02-25T22:58:10+00:00
https://emerald.puzzlepirates.com/yoweb/pirate.wm?classic=false&target=Skulldugger,Skulldugger,League of Shadows,https://emerald.puzzlepirates.com/yoweb/crew/info.wm?crewid=5008157&classic=$classic,2026-02-25T22:58:10+00:00
https://emerald.puzzlepirates.com/yoweb/pirate.wm?classic=false&target=Sxxygal,Sxxygal,League of Shadows,https://emerald.puzzlepirates.com/yoweb/crew/info.wm?crewid=5008157&classic=$classic,2026-02-25T22:58:10+00:00
https://emerald.puzzlepirates.com/yoweb/pirate.wm?classic=false&target=Urvilan,Urvilan,League of Shadows,https://emerald.puzzlepirates.com/yoweb/crew/info.wm?crewid=5008157&classic=$classic,2026-02-25T22:58:10+00:00
https://emerald.puzzlepirates.com/yoweb/pirate.wm?classic=false&target=Wraps,Wraps,League of Shadows,https://emerald.puzzlepirates.com/yoweb/crew/info.wm?crewid=5008157&classic=$classic,2026-02-25T22:58:10+00:00
https://emerald.puzzlepirates.com/yoweb/pirate.wm?classic=false&target=Andoran-West,Andoran-West,League of Shadows,https://emerald.puzzlepirates.com/yoweb/crew/info.wm?crewid=5008157&classic=$classic,2026-02-25T22:58:10+00:00
https://emerald.puzzlepirates.com/yoweb/pirate.wm?classic=false&target=Bonecrush,Bonecrush,League of Shadows,https://emerald.puzzlepirates.com/yoweb/crew/info.wm?crewid=5008157&classic=$classic,2026-02-25T22:58:10+00:00
https://emerald.puzzlepirates.com/yoweb/pirate.wm?classic=false&target=Crandy,Crandy,League of Shadows,https://emerald.puzzlepirates.com/yoweb/crew/info.wm?crewid=5008157&classic=$classic,2026-02-25T22:58:10+00:00
https://emerald.puzzlepirates.com/yoweb/pirate.wm?classic=false&target=Drelbatish,Drelbatish,League of Shadows,https://emerald.puzzlepirates.com/yoweb/crew/info.wm?crewid=5008157&classic=$classic,2026-02-25T22:58:10+00:00
https://emerald.puzzlepirates.com/yoweb/pirate.wm?classic=false&target=Execute,Execute,League of Shadows,https://emerald.puzzlepirates.com/yoweb/crew/info.wm?crewid=5008157&classic=$classic,2026-02-25T22:58:10+00:00
https://emerald.puzzlepirates.com/yoweb/pirate.wm?classic=false&target=Furny,Furny,League of Shadows,https://emerald.puzzlepirates.com/yoweb/crew/info.wm?crewid=5008157&classic=$classic,2026-02-25T22:58:10+00:00
https://emerald.puzzlepirates.com/yoweb/pirate.wm?classic=false&target=Greenbc,Greenbc,League of Shadows,https://emerald.puzzlepirates.com/yoweb/crew/info.wm?crewid=5008157&classic=$classic,2026-02-25T22:58:10+00:00
https://emerald.puzzlepirates.com/yoweb/pirate.wm?classic=false&target=Komo,Komo,League of Shadows,https://emerald.puzzlepirates.com/yoweb/crew/info.wm?crewid=5008157&classic=$classic,2026-02-25T22:58:10+00:00
https://emerald.puzzlepirates.com/yoweb/pirate.wm?classic=false&target=Mrbritishguy,Mrbritishguy,League of Shadows,https://emerald.puzzlepirates.com/yoweb/crew/info.wm?crewid=5008157&classic=$classic,2026-02-25T22:58:10+00:00
https://emerald.puzzlepirates.com/yoweb/pirate.wm?classic=false&target=Narreioux,Narreioux,League of Shadows,https://emerald.puzzlepirates.com/yoweb/crew/info.wm?crewid=5008157&classic=$classic,2026-02-25T22:58:10+00:00
https://emerald.puzzlepirates.com/yoweb/pirate.wm?classic=false&target=Noojee,Noojee,League of Shadows,https://emerald.puzzlepirates.com/yoweb/crew/info.wm?crewid=5008157&classic=$classic,2026-02-25T22:58:10+00:00
https://emerald.puzzlepirates.com/yoweb/pirate.wm?classic=false&target=Pauoffense,Pauoffense,League of Shadows,https://emerald.puzzlepirates.com/yoweb/crew/info.wm?crewid=5008157&classic=$classic,2026-02-25T22:58:10+00:00
https://emerald.puzzlepirates.com/yoweb/pirate.wm?classic=false&target=Piehax,Piehax,League of Shadows,https://emerald.puzzlepirates.com/yoweb/crew/info.wm?crewid=5008157&classic=$classic,2026-02-25T22:58:10+00:00
https://emerald.puzzlepirates.com/yoweb/pirate.wm?classic=false&target=Sedirts,Sedirts,League of Shadows,https://emerald.puzzlepirates.com/yoweb/crew/info.wm?crewid=5008157&classic=$classic,2026-02-25T22:58:10+00:00
https://emerald.puzzlepirates.com/yoweb/pirate.wm?classic=false&target=Sharklah,Sharklah,League of Shadows,https://emerald.puzzlepirates.com/yoweb/crew/info.wm?crewid=5008157&classic=$classic,2026-02-25T22:58:10+00:00
https://emerald.puzzlepirates.com/yoweb/pirate.wm?classic=false&target=Shellbs,Shellbs,League of Shadows,https://emerald.puzzlepirates.com/yoweb/crew/info.wm?crewid=5008157&classic=$classic,2026-02-25T22:58:10+00:00
https://emerald.puzzlepirates.com/yoweb/pirate.wm?classic=false&target=Sips,Sips,League of Shadows,https://emerald.puzzlepirates.com/yoweb/crew/info.wm?crewid=5008157&classic=$classic,2026-02-25T22:58:10+00:00
https://emerald.puzzlepirates.com/yoweb/pirate.wm?classic=false&target=Surferboi,Surferboi,League of Shadows,https://emerald.puzzlepirates.com/yoweb/crew/info.wm?crewid=5008157&classic=$classic,2026-02-25T22:58:10+00:00
https://emerald.puzzlepirates.com/yoweb/pirate.wm?classic=false&target=Afazi,Afazi,League of Shadows,https://emerald.puzzlepirates.com/yoweb/crew/info.wm?crewid=5008157&classic=$classic,2026-02-25T22:58:10+00:00
https://emerald.puzzlepirates.com/yoweb/pirate.wm?classic=false&target=Alexrover,Alexrover,League of Shadows,https://emerald.puzzlepirates.com/yoweb/crew/info.wm?crewid=5008157&classic=$classic,2026-02-25T22:58:10+00:00
https://emerald.puzzlepirates.com/yoweb/pirate.wm?classic=false&target=Andrewzle,Andrewzle,League of Shadows,https://emerald.puzzlepirates.com/yoweb/crew/info.wm?crewid=5008157&classic=$classic,2026-02-25T22:58:10+00:00
https://emerald.puzzlepirates.com/yoweb/pirate.wm?classic=false&target=Arztin,Arztin,League of Shadows,https://emerald.puzzlepirates.com/yoweb/crew/info.wm?crewid=5008157&classic=$classic,2026-02-25T22:58:10+00:00
https://emerald.puzzlepirates.com/yoweb/pirate.wm?classic=false&target=Aspiri,Aspiri,League of Shadows,https://emerald.puzzlepirates.com/yoweb/crew/info.wm?crewid=5008157&classic=$classic,2026-02-25T22:58:10+00:00
https://emerald.puzzlepirates.com/yoweb/pirate.wm?classic=false&target=Ballnn,Ballnn,League of Shadows,https://emerald.puzzlepirates.com/yoweb/crew/info.wm?crewid=5008157&classic=$classic,2026-02-25T22:58:10+00:00
https://emerald.puzzlepirates.com/yoweb/pirate.wm?classic=false&target=Bertith,Bertith,League of Shadows,https://emerald.puzzlepirates.com/yoweb/crew/info.wm?crewid=5008157&classic=$classic,2026-02-25T22:58:10+00:00
https://emerald.puzzlepirates.com/yoweb/pirate.wm?classic=false&target=Bighitter,Bighitter,League of Shadows,https://emerald.puzzlepirates.com/yoweb/crew/info.wm?crewid=5008157&classic=$classic,2026-02-25T22:58:10+00:00
https://emerald.puzzlepirates.com/yoweb/pirate.wm?classic=false&target=Binkling,Binkling,League of Shadows,https://emerald.puzzlepirates.com/yoweb/crew/info.wm?crewid=5008157&classic=$classic,2026-02-25T22:58:10+00:00
https://emerald.puzzlepirates.com/yoweb/pirate.wm?classic=false&target=Brucemcgaw,Brucemcgaw,League of Shadows,https://emerald.puzzlepirates.com/yoweb/crew/info.wm?crewid=5008157&classic=$classic,2026-02-25T22:58:10+00:00
https://emerald.puzzlepirates.com/yoweb/pirate.wm?classic=false&target=Bumperboat,Bumperboat,League of Shadows,https://emerald.puzzlepirates.com/yoweb/crew/info.wm?crewid=5008157&classic=$classic,2026-02-25T22:58:10+00:00
https://emerald.puzzlepirates.com/yoweb/pirate.wm?classic=false&target=Captntrob,Captntrob,League of Shadows,https://emerald.puzzlepirates.com/yoweb/crew/info.wm?crewid=5008157&classic=$classic,2026-02-25T22:58:10+00:00
https://emerald.puzzlepirates.com/yoweb/pirate.wm?classic=false&target=Carribeano,Carribeano,League of Shadows,https://emerald.puzzlepirates.com/yoweb/crew/info.wm?crewid=5008157&classic=$classic,2026-02-25T22:58:10+00:00
https://emerald.puzzlepirates.com/yoweb/pirate.wm?classic=false&target=Cidocat,Cidocat,League of Shadows,https://emerald.puzzlepirates.com/yoweb/crew/info.wm?crewid=5008157&classic=$classic,2026-02-25T22:58:10+00:00
https://emerald.puzzlepirates.com/yoweb/pirate.wm?classic=false&target=Crassielass,Crassielass,League of Shadows,https://emerald.puzzlepirates.com/yoweb/crew/info.wm?crewid=5008157&classic=$classic,2026-02-25T22:58:10+00:00
https://emerald.puzzlepirates.com/yoweb/pirate.wm?classic=false&target=Degrec,Degrec,League of Shadows,https://emerald.puzzlepirates.com/yoweb/crew/info.wm?crewid=5008157&classic=$classic,2026-02-25T22:58:10+00:00
https://emerald.puzzlepirates.com/yoweb/pirate.wm?classic=false&target=Deviled,Deviled,League of Shadows,https://emerald.puzzlepirates.com/yoweb/crew/info.wm?crewid=5008157&classic=$classic,2026-02-25T22:58:10+00:00
https://emerald.puzzlepirates.com/yoweb/pirate.wm?classic=false&target=Dyfalu,Dyfalu,League of Shadows,https://emerald.puzzlepirates.com/yoweb/crew/info.wm?crewid=5008157&classic=$classic,2026-02-25T22:58:10+00:00
https://emerald.puzzlepirates.com/yoweb/pirate.wm?classic=false&target=Elbeth,Elbeth,League of Shadows,https://emerald.puzzlepirates.com/yoweb/crew/info.wm?crewid=5008157&classic=$classic,2026-02-25T22:58:10+00:00
https://emerald.puzzlepirates.com/yoweb/pirate.wm?classic=false&target=Elike,Elike,League of Shadows,https://emerald.puzzlepirates.com/yoweb/crew/info.wm?crewid=5008157&classic=$classic,2026-02-25T22:58:10+00:00
https://emerald.puzzlepirates.com/yoweb/pirate.wm?classic=false&target=Engalram,Engalram,League of Shadows,https://emerald.puzzlepirates.com/yoweb/crew/info.wm?crewid=5008157&classic=$classic,2026-02-25T22:58:10+00:00
https://emerald.puzzlepirates.com/yoweb/pirate.wm?classic=false&target=Eyxi,Eyxi,League of Shadows,https://emerald.puzzlepirates.com/yoweb/crew/info.wm?crewid=5008157&classic=$classic,2026-02-25T22:58:10+00:00
https://emerald.puzzlepirates.com/yoweb/pirate.wm?classic=false&target=Feltpaper,Feltpaper,League of Shadows,https://emerald.puzzlepirates.com/yoweb/crew/info.wm?crewid=5008157&classic=$classic,2026-02-25T22:58:10+00:00
https://emerald.puzzlepirates.com/yoweb/pirate.wm?classic=false&target=Fiveoceans,Fiveoceans,League of Shadows,https://emerald.puzzlepirates.com/yoweb/crew/info.wm?crewid=5008157&classic=$classic,2026-02-25T22:58:10+00:00
https://emerald.puzzlepirates.com/yoweb/pirate.wm?classic=false&target=Frigathunter,Frigathunter,League of Shadows,https://emerald.puzzlepirates.com/yoweb/crew/info.wm?crewid=5008157&classic=$classic,2026-02-25T22:58:10+00:00
https://emerald.puzzlepirates.com/yoweb/pirate.wm?classic=false&target=Glaciar,Glaciar,League of Shadows,https://emerald.puzzlepirates.com/yoweb/crew/info.wm?crewid=5008157&classic=$classic,2026-02-25T22:58:10+00:00
https://emerald.puzzlepirates.com/yoweb/pirate.wm?classic=false&target=Glowingblade,Glowingblade,League of Shadows,https://emerald.puzzlepirates.com/yoweb/crew/info.wm?crewid=5008157&classic=$classic,2026-02-25T22:58:10+00:00
https://emerald.puzzlepirates.com/yoweb/pirate.wm?classic=false&target=Goyknows,Goyknows,League of Shadows,https://emerald.puzzlepirates.com/yoweb/crew/info.wm?crewid=5008157&classic=$classic,2026-02-25T22:58:10+00:00
https://emerald.puzzlepirates.com/yoweb/pirate.wm?classic=false&target=Harkoopshel,Harkoopshel,League of Shadows,https://emerald.puzzlepirates.com/yoweb/crew/info.wm?crewid=5008157&classic=$classic,2026-02-25T22:58:10+00:00
https://emerald.puzzlepirates.com/yoweb/pirate.wm?classic=false&target=Heidenolf,Heidenolf,League of Shadows,https://emerald.puzzlepirates.com/yoweb/crew/info.wm?crewid=5008157&classic=$classic,2026-02-25T22:58:10+00:00
https://emerald.puzzlepirates.com/yoweb/pirate.wm?classic=false&target=Inverarity,Inverarity,League of Shadows,https://emerald.puzzlepirates.com/yoweb/crew/info.wm?crewid=5008157&classic=$classic,2026-02-25T22:58:10+00:00
https://emerald.puzzlepirates.com/yoweb/pirate.wm?classic=false&target=Jakeiscold,Jakeiscold,League of Shadows,https://emerald.puzzlepirates.com/yoweb/crew/info.wm?crewid=5008157&classic=$classic,2026-02-25T22:58:10+00:00
https://emerald.puzzlepirates.com/yoweb/pirate.wm?classic=false&target=Jazzmyx,Jazzmyx,League of Shadows,https://emerald.puzzlepirates.com/yoweb/crew/info.wm?crewid=5008157&classic=$classic,2026-02-25T22:58:10+00:00
https://emerald.puzzlepirates.com/yoweb/pirate.wm?classic=false&target=Jesusisklng,Jesusisklng,League of Shadows,https://emerald.puzzlepirates.com/yoweb/crew/info.wm?crewid=5008157&classic=$classic,2026-02-25T22:58:10+00:00
https://emerald.puzzlepirates.com/yoweb/pirate.wm?classic=false&target=Jonistarkki,Jonistarkki,League of Shadows,https://emerald.puzzlepirates.com/yoweb/crew/info.wm?crewid=5008157&classic=$classic,2026-02-25T22:58:10+00:00
https://emerald.puzzlepirates.com/yoweb/pirate.wm?classic=false&target=Kadefunz,Kadefunz,League of Shadows,https://emerald.puzzlepirates.com/yoweb/crew/info.wm?crewid=5008157&classic=$classic,2026-02-25T22:58:10+00:00
https://emerald.puzzlepirates.com/yoweb/pirate.wm?classic=false&target=Kelsarianna,Kelsarianna,League of Shadows,https://emerald.puzzlepirates.com/yoweb/crew/info.wm?crewid=5008157&classic=$classic,2026-02-25T22:58:10+00:00
https://emerald.puzzlepirates.com/yoweb/pirate.wm?classic=false&target=Kinggk,Kinggk,League of Shadows,https://emerald.puzzlepirates.com/yoweb/crew/info.wm?crewid=5008157&classic=$classic,2026-02-25T22:58:10+00:00
https://emerald.puzzlepirates.com/yoweb/pirate.wm?classic=false&target=Kou,Kou,League of Shadows,https://emerald.puzzlepirates.com/yoweb/crew/info.wm?crewid=5008157&classic=$classic,2026-02-25T22:58:10+00:00
https://emerald.puzzlepirates.com/yoweb/pirate.wm?classic=false&target=Lamiz,Lamiz,League of Shadows,https://emerald.puzzlepirates.com/yoweb/crew/info.wm?crewid=5008157&classic=$classic,2026-02-25T22:58:10+00:00
https://emerald.puzzlepirates.com/yoweb/pirate.wm?classic=false&target=Lamm,Lamm,League of Shadows,https://emerald.puzzlepirates.com/yoweb/crew/info.wm?crewid=5008157&classic=$classic,2026-02-25T22:58:10+00:00
https://emerald.puzzlepirates.com/yoweb/pirate.wm?classic=false&target=Ledgers,Ledgers,League of Shadows,https://emerald.puzzlepirates.com/yoweb/crew/info.wm?crewid=5008157&classic=$classic,2026-02-25T22:58:10+00:00
https://emerald.puzzlepirates.com/yoweb/pirate.wm?classic=false&target=Lehmja,Lehmja,League of Shadows,https://emerald.puzzlepirates.com/yoweb/crew/info.wm?crewid=5008157&classic=$classic,2026-02-25T22:58:10+00:00
https://emerald.puzzlepirates.com/yoweb/pirate.wm?classic=false&target=Mastrcraftr,Mastrcraftr,League of Shadows,https://emerald.puzzlepirates.com/yoweb/crew/info.wm?crewid=5008157&classic=$classic,2026-02-25T22:58:10+00:00
https://emerald.puzzlepirates.com/yoweb/pirate.wm?classic=false&target=Menswearr,Menswearr,League of Shadows,https://emerald.puzzlepirates.com/yoweb/crew/info.wm?crewid=5008157&classic=$classic,2026-02-25T22:58:10+00:00
https://emerald.puzzlepirates.com/yoweb/pirate.wm?classic=false&target=Metalpolishr,Metalpolishr,League of Shadows,https://emerald.puzzlepirates.com/yoweb/crew/info.wm?crewid=5008157&classic=$classic,2026-02-25T22:58:10+00:00
https://emerald.puzzlepirates.com/yoweb/pirate.wm?classic=false&target=Milkbone,Milkbone,League of Shadows,https://emerald.puzzlepirates.com/yoweb/crew/info.wm?crewid=5008157&classic=$classic,2026-02-25T22:58:10+00:00
https://emerald.puzzlepirates.com/yoweb/pirate.wm?classic=false&target=Newpopen,Newpopen,League of Shadows,https://emerald.puzzlepirates.com/yoweb/crew/info.wm?crewid=5008157&classic=$classic,2026-02-25T22:58:10+00:00
https://emerald.puzzlepirates.com/yoweb/pirate.wm?classic=false&target=Nihle,Nihle,League of Shadows,https://emerald.puzzlepirates.com/yoweb/crew/info.wm?crewid=5008157&classic=$classic,2026-02-25T22:58:10+00:00
https://emerald.puzzlepirates.com/yoweb/pirate.wm?classic=false&target=Nineonejuan,Nineonejuan,League of Shadows,https://emerald.puzzlepirates.com/yoweb/crew/info.wm?crewid=5008157&classic=$classic,2026-02-25T22:58:10+00:00
https://emerald.puzzlepirates.com/yoweb/pirate.wm?classic=false&target=Olyveira,Olyveira,League of Shadows,https://emerald.puzzlepirates.com/yoweb/crew/info.wm?crewid=5008157&classic=$classic,2026-02-25T22:58:10+00:00
https://emerald.puzzlepirates.com/yoweb/pirate.wm?classic=false&target=Omiepjr,Omiepjr,League of Shadows,https://emerald.puzzlepirates.com/yoweb/crew/info.wm?crewid=5008157&classic=$classic,2026-02-25T22:58:10+00:00
https://emerald.puzzlepirates.com/yoweb/pirate.wm?classic=false&target=Prettysophie,Prettysophie,League of Shadows,https://emerald.puzzlepirates.com/yoweb/crew/info.wm?crewid=5008157&classic=$classic,2026-02-25T22:58:10+00:00
https://emerald.puzzlepirates.com/yoweb/pirate.wm?classic=false&target=Privete,Privete,League of Shadows,https://emerald.puzzlepirates.com/yoweb/crew/info.wm?crewid=5008157&classic=$classic,2026-02-25T22:58:10+00:00
https://emerald.puzzlepirates.com/yoweb/pirate.wm?classic=false&target=Reinmar,Reinmar,League of Shadows,https://emerald.puzzlepirates.com/yoweb/crew/info.wm?crewid=5008157&classic=$classic,2026-02-25T22:58:10+00:00
https://emerald.puzzlepirates.com/yoweb/pirate.wm?classic=false&target=Reminiscents,Reminiscents,League of Shadows,https://emerald.puzzlepirates.com/yoweb/crew/info.wm?crewid=5008157&classic=$classic,2026-02-25T22:58:10+00:00
https://emerald.puzzlepirates.com/yoweb/pirate.wm?classic=false&target=Retake,Retake,League of Shadows,https://emerald.puzzlepirates.com/yoweb/crew/info.wm?crewid=5008157&classic=$classic,2026-02-25T22:58:10+00:00
https://emerald.puzzlepirates.com/yoweb/pirate.wm?classic=false&target=Reu,Reu,League of Shadows,https://emerald.puzzlepirates.com/yoweb/crew/info.wm?crewid=5008157&classic=$classic,2026-02-25T22:58:10+00:00
https://emerald.puzzlepirates.com/yoweb/pirate.wm?classic=false&target=Rjuann,Rjuann,League of Shadows,https://emerald.puzzlepirates.com/yoweb/crew/info.wm?crewid=5008157&classic=$classic,2026-02-25T22:58:10+00:00
https://emerald.puzzlepirates.com/yoweb/pirate.wm?classic=false&target=Rowboats,Rowboats,League of Shadows,https://emerald.puzzlepirates.com/yoweb/crew/info.wm?crewid=5008157&classic=$classic,2026-02-25T22:58:10+00:00
https://emerald.puzzlepirates.com/yoweb/pirate.wm?classic=false&target=Rowye,Rowye,League of Shadows,https://emerald.puzzlepirates.com/yoweb/crew/info.wm?crewid=5008157&classic=$classic,2026-02-25T22:58:10+00:00
https://emerald.puzzlepirates.com/yoweb/pirate.wm?classic=false&target=Rpwl,Rpwl,League of Shadows,https://emerald.puzzlepirates.com/yoweb/crew/info.wm?crewid=5008157&classic=$classic,2026-02-25T22:58:10+00:00
https://emerald.puzzlepirates.com/yoweb/pirate.wm?classic=false&target=Saltsmoke,Saltsmoke,League of Shadows,https://emerald.puzzlepirates.com/yoweb/crew/info.wm?crewid=5008157&classic=$classic,2026-02-25T22:58:10+00:00
https://emerald.puzzlepirates.com/yoweb/pirate.wm?classic=false&target=Saqueen,Saqueen,League of Shadows,https://emerald.puzzlepirates.com/yoweb/crew/info.wm?crewid=5008157&classic=$classic,2026-02-25T22:58:10+00:00
https://emerald.puzzlepirates.com/yoweb/pirate.wm?classic=false&target=Saveaho,Saveaho,League of Shadows,https://emerald.puzzlepirates.com/yoweb/crew/info.wm?crewid=5008157&classic=$classic,2026-02-25T22:58:10+00:00
https://emerald.puzzlepirates.com/yoweb/pirate.wm?classic=false&target=Scrimothy,Scrimothy,League of Shadows,https://emerald.puzzlepirates.com/yoweb/crew/info.wm?crewid=5008157&classic=$classic,2026-02-25T22:58:10+00:00
https://emerald.puzzlepirates.com/yoweb/pirate.wm?classic=false&target=Skyassassiin,Skyassassiin,League of Shadows,https://emerald.puzzlepirates.com/yoweb/crew/info.wm?crewid=5008157&classic=$classic,2026-02-25T22:58:10+00:00
https://emerald.puzzlepirates.com/yoweb/pirate.wm?classic=false&target=Smokeybandet,Smokeybandet,League of Shadows,https://emerald.puzzlepirates.com/yoweb/crew/info.wm?crewid=5008157&classic=$classic,2026-02-25T22:58:10+00:00
https://emerald.puzzlepirates.com/yoweb/pirate.wm?classic=false&target=Specke,Specke,League of Shadows,https://emerald.puzzlepirates.com/yoweb/crew/info.wm?crewid=5008157&classic=$classic,2026-02-25T22:58:10+00:00
https://emerald.puzzlepirates.com/yoweb/pirate.wm?classic=false&target=Starsatnight,Starsatnight,League of Shadows,https://emerald.puzzlepirates.com/yoweb/crew/info.wm?crewid=5008157&classic=$classic,2026-02-25T22:58:10+00:00
https://emerald.puzzlepirates.com/yoweb/pirate.wm?classic=false&target=Sylvestarr,Sylvestarr,League of Shadows,https://emerald.puzzlepirates.com/yoweb/crew/info.wm?crewid=5008157&classic=$classic,2026-02-25T22:58:10+00:00
https://emerald.puzzlepirates.com/yoweb/pirate.wm?classic=false&target=Taverna,Taverna,League of Shadows,https://emerald.puzzlepirates.com/yoweb/crew/info.wm?crewid=5008157&classic=$classic,2026-02-25T22:58:10+00:00
https://emerald.puzzlepirates.com/yoweb/pirate.wm?classic=false&target=Tazwas,Tazwas,League of Shadows,https://emerald.puzzlepirates.com/yoweb/crew/info.wm?crewid=5008157&classic=$classic,2026-02-25T22:58:10+00:00
https://emerald.puzzlepirates.com/yoweb/pirate.wm?classic=false&target=Teev,Teev,League of Shadows,https://emerald.puzzlepirates.com/yoweb/crew/info.wm?crewid=5008157&classic=$classic,2026-02-25T22:58:10+00:00
https://emerald.puzzlepirates.com/yoweb/pirate.wm?classic=false&target=Tross,Tross,League of Shadows,https://emerald.puzzlepirates.com/yoweb/crew/info.wm?crewid=5008157&classic=$classic,2026-02-25T22:58:10+00:00
https://emerald.puzzlepirates.com/yoweb/pirate.wm?classic=false&target=Tykegge,Tykegge,League of Shadows,https://emerald.puzzlepirates.com/yoweb/crew/info.wm?crewid=5008157&classic=$classic,2026-02-25T22:58:10+00:00
https://emerald.puzzlepirates.com/yoweb/pirate.wm?classic=false&target=Umawa,Umawa,League of Shadows,https://emerald.puzzlepirates.com/yoweb/crew/info.wm?crewid=5008157&classic=$classic,2026-02-25T22:58:10+00:00
https://emerald.puzzlepirates.com/yoweb/pirate.wm?classic=false&target=Vore,Vore,League of Shadows,https://emerald.puzzlepirates.com/yoweb/crew/info.wm?crewid=5008157&classic=$classic,2026-02-25T22:58:10+00:00
https://emerald.puzzlepirates.com/yoweb/pirate.wm?classic=false&target=Waznarre,Waznarre,League of Shadows,https://emerald.puzzlepirates.com/yoweb/crew/info.wm?crewid=5008157&classic=$classic,2026-02-25T22:58:10+00:00
https://emerald.puzzlepirates.com/yoweb/pirate.wm?classic=false&target=Xiju,Xiju,League of Shadows,https://emerald.puzzlepirates.com/yoweb/crew/info.wm?crewid=5008157&classic=$classic,2026-02-25T22:58:10+00:00
https://emerald.puzzlepirates.com/yoweb/pirate.wm?classic=false&target=Yassop,Yassop,League of Shadows,https://emerald.puzzlepirates.com/yoweb/crew/info.wm?crewid=5008157&classic=$classic,2026-02-25T22:58:10+00:00
https://emerald.puzzlepirates.com/yoweb/pirate.wm?classic=false&target=Zatanaz,Zatanaz,League of Shadows,https://emerald.puzzlepirates.com/yoweb/crew/info.wm?crewid=5008157&classic=$classic,2026-02-25T22:58:10+00:00
https://emerald.puzzlepirates.com/yoweb/pirate.wm?classic=false&target=Zattarra,Zattarra,League of Shadows,https://emerald.puzzlepirates.com/yoweb/crew/info.wm?crewid=5008157&classic=$classic,2026-02-25T22:58:10+00:00
https://emerald.puzzlepirates.com/yoweb/pirate.wm?classic=false&target=Arcadious,Arcadious,League of Shadows,https://emerald.puzzlepirates.com/yoweb/crew/info.wm?crewid=5008157&classic=$classic,2026-02-25T22:58:10+00:00
https://emerald.puzzlepirates.com/yoweb/pirate.wm?classic=false&target=Bilgecaptn,Bilgecaptn,League of Shadows,https://emerald.puzzlepirates.com/yoweb/crew/info.wm?crewid=5008157&classic=$classic,2026-02-25T22:58:10+00:00
https://emerald.puzzlepirates.com/yoweb/pirate.wm?classic=false&target=Blakgregan,Blakgregan,League of Shadows,https://emerald.puzzlepirates.com/yoweb/crew/info.wm?crewid=5008157&classic=$classic,2026-02-25T22:58:10+00:00
https://emerald.puzzlepirates.com/yoweb/pirate.wm?classic=false&target=Boronia,Boronia,League of Shadows,https://emerald.puzzlepirates.com/yoweb/crew/info.wm?crewid=5008157&classic=$classic,2026-02-25T22:58:10+00:00
https://emerald.puzzlepirates.com/yoweb/pirate.wm?classic=false&target=Castruns,Castruns,League of Shadows,https://emerald.puzzlepirates.com/yoweb/crew/info.wm?crewid=5008157&classic=$classic,2026-02-25T22:58:10+00:00
https://emerald.puzzlepirates.com/yoweb/pirate.wm?classic=false&target=Cherryzard,Cherryzard,League of Shadows,https://emerald.puzzlepirates.com/yoweb/crew/info.wm?crewid=5008157&classic=$classic,2026-02-25T22:58:10+00:00
https://emerald.puzzlepirates.com/yoweb/pirate.wm?classic=false&target=Chiclette,Chiclette,League of Shadows,https://emerald.puzzlepirates.com/yoweb/crew/info.wm?crewid=5008157&classic=$classic,2026-02-25T22:58:10+00:00
https://emerald.puzzlepirates.com/yoweb/pirate.wm?classic=false&target=Chiquee,Chiquee,League of Shadows,https://emerald.puzzlepirates.com/yoweb/crew/info.wm?crewid=5008157&classic=$classic,2026-02-25T22:58:10+00:00
https://emerald.puzzlepirates.com/yoweb/pirate.wm?classic=false&target=Cxpid,Cxpid,League of Shadows,https://emerald.puzzlepirates.com/yoweb/crew/info.wm?crewid=5008157&classic=$classic,2026-02-25T22:58:10+00:00
https://emerald.puzzlepirates.com/yoweb/pirate.wm?classic=false&target=Doradas,Doradas,League of Shadows,https://emerald.puzzlepirates.com/yoweb/crew/info.wm?crewid=5008157&classic=$classic,2026-02-25T22:58:10+00:00
https://emerald.puzzlepirates.com/yoweb/pirate.wm?classic=false&target=Epifide,Epifide,League of Shadows,https://emerald.puzzlepirates.com/yoweb/crew/info.wm?crewid=5008157&classic=$classic,2026-02-25T22:58:10+00:00
https://emerald.puzzlepirates.com/yoweb/pirate.wm?classic=false&target=Ginnginger,Ginnginger,League of Shadows,https://emerald.puzzlepirates.com/yoweb/crew/info.wm?crewid=5008157&classic=$classic,2026-02-25T22:58:10+00:00
https://emerald.puzzlepirates.com/yoweb/pirate.wm?classic=false&target=Growersativo,Growersativo,League of Shadows,https://emerald.puzzlepirates.com/yoweb/crew/info.wm?crewid=5008157&classic=$classic,2026-02-25T22:58:10+00:00
https://emerald.puzzlepirates.com/yoweb/pirate.wm?classic=false&target=Hammed,Hammed,League of Shadows,https://emerald.puzzlepirates.com/yoweb/crew/info.wm?crewid=5008157&classic=$classic,2026-02-25T22:58:10+00:00
https://emerald.puzzlepirates.com/yoweb/pirate.wm?classic=false&target=Hexfury,Hexfury,League of Shadows,https://emerald.puzzlepirates.com/yoweb/crew/info.wm?crewid=5008157&classic=$classic,2026-02-25T22:58:10+00:00
https://emerald.puzzlepirates.com/yoweb/pirate.wm?classic=false&target=Jacuzzi,Jacuzzi,League of Shadows,https://emerald.puzzlepirates.com/yoweb/crew/info.wm?crewid=5008157&classic=$classic,2026-02-25T22:58:10+00:00
https://emerald.puzzlepirates.com/yoweb/pirate.wm?classic=false&target=Joblesspirat,Joblesspirat,League of Shadows,https://emerald.puzzlepirates.com/yoweb/crew/info.wm?crewid=5008157&classic=$classic,2026-02-25T22:58:10+00:00
https://emerald.puzzlepirates.com/yoweb/pirate.wm?classic=false&target=Kleina,Kleina,League of Shadows,https://emerald.puzzlepirates.com/yoweb/crew/info.wm?crewid=5008157&classic=$classic,2026-02-25T22:58:10+00:00
https://emerald.puzzlepirates.com/yoweb/pirate.wm?classic=false&target=Mallarkey,Mallarkey,League of Shadows,https://emerald.puzzlepirates.com/yoweb/crew/info.wm?crewid=5008157&classic=$classic,2026-02-25T22:58:10+00:00
https://emerald.puzzlepirates.com/yoweb/pirate.wm?classic=false&target=Mariaputinha,Mariaputinha,League of Shadows,https://emerald.puzzlepirates.com/yoweb/crew/info.wm?crewid=5008157&classic=$classic,2026-02-25T22:58:10+00:00
https://emerald.puzzlepirates.com/yoweb/pirate.wm?classic=false&target=Mufua,Mufua,League of Shadows,https://emerald.puzzlepirates.com/yoweb/crew/info.wm?crewid=5008157&classic=$classic,2026-02-25T22:58:10+00:00
https://emerald.puzzlepirates.com/yoweb/pirate.wm?classic=false&target=Oshidashi,Oshidashi,League of Shadows,https://emerald.puzzlepirates.com/yoweb/crew/info.wm?crewid=5008157&classic=$classic,2026-02-25T22:58:10+00:00
https://emerald.puzzlepirates.com/yoweb/pirate.wm?classic=false&target=Othellaa,Othellaa,League of Shadows,https://emerald.puzzlepirates.com/yoweb/crew/info.wm?crewid=5008157&classic=$classic,2026-02-25T22:58:10+00:00
https://emerald.puzzlepirates.com/yoweb/pirate.wm?classic=false&target=Pastis,Pastis,League of Shadows,https://emerald.puzzlepirates.com/yoweb/crew/info.wm?crewid=5008157&classic=$classic,2026-02-25T22:58:10+00:00
https://emerald.puzzlepirates.com/yoweb/pirate.wm?classic=false&target=Pepperpod,Pepperpod,League of Shadows,https://emerald.puzzlepirates.com/yoweb/crew/info.wm?crewid=5008157&classic=$classic,2026-02-25T22:58:10+00:00
https://emerald.puzzlepirates.com/yoweb/pirate.wm?classic=false&target=Piratenamehe,Piratenamehe,League of Shadows,https://emerald.puzzlepirates.com/yoweb/crew/info.wm?crewid=5008157&classic=$classic,2026-02-25T22:58:10+00:00
https://emerald.puzzlepirates.com/yoweb/pirate.wm?classic=false&target=Policedawg,Policedawg,League of Shadows,https://emerald.puzzlepirates.com/yoweb/crew/info.wm?crewid=5008157&classic=$classic,2026-02-25T22:58:10+00:00
https://emerald.puzzlepirates.com/yoweb/pirate.wm?classic=false&target=Rayaste,Rayaste,League of Shadows,https://emerald.puzzlepirates.com/yoweb/crew/info.wm?crewid=5008157&classic=$classic,2026-02-25T22:58:10+00:00
https://emerald.puzzlepirates.com/yoweb/pirate.wm?classic=false&target=Rhombus,Rhombus,League of Shadows,https://emerald.puzzlepirates.com/yoweb/crew/info.wm?crewid=5008157&classic=$classic,2026-02-25T22:58:10+00:00
https://emerald.puzzlepirates.com/yoweb/pirate.wm?classic=false&target=Sinsational,Sinsational,League of Shadows,https://emerald.puzzlepirates.com/yoweb/crew/info.wm?crewid=5008157&classic=$classic,2026-02-25T22:58:10+00:00
https://emerald.puzzlepirates.com/yoweb/pirate.wm?classic=false&target=Slsarahx,Slsarahx,League of Shadows,https://emerald.puzzlepirates.com/yoweb/crew/info.wm?crewid=5008157&classic=$classic,2026-02-25T22:58:10+00:00
https://emerald.puzzlepirates.com/yoweb/pirate.wm?classic=false&target=Soolv,Soolv,League of Shadows,https://emerald.puzzlepirates.com/yoweb/crew/info.wm?crewid=5008157&classic=$classic,2026-02-25T22:58:10+00:00
https://emerald.puzzlepirates.com/yoweb/pirate.wm?classic=false&target=Sserpiente,Sserpiente,League of Shadows,https://emerald.puzzlepirates.com/yoweb/crew/info.wm?crewid=5008157&classic=$classic,2026-02-25T22:58:10+00:00
https://emerald.puzzlepirates.com/yoweb/pirate.wm?classic=false&target=Teaforme,Teaforme,League of Shadows,https://emerald.puzzlepirates.com/yoweb/crew/info.wm?crewid=5008157&classic=$classic,2026-02-25T22:58:10+00:00
https://emerald.puzzlepirates.com/yoweb/pirate.wm?classic=false&target=Throatcarver,Throatcarver,League of Shadows,https://emerald.puzzlepirates.com/yoweb/crew/info.wm?crewid=5008157&classic=$classic,2026-02-25T22:58:10+00:00
https://emerald.puzzlepirates.com/yoweb/pirate.wm?classic=false&target=Trahalios,Trahalios,League of Shadows,https://emerald.puzzlepirates.com/yoweb/crew/info.wm?crewid=5008157&classic=$classic,2026-02-25T22:58:10+00:00
https://emerald.puzzlepirates.com/yoweb/pirate.wm?classic=false&target=Youwantdill,Youwantdill,League of Shadows,https://emerald.puzzlepirates.com/yoweb/crew/info.wm?crewid=5008157&classic=$classic,2026-02-25T22:58:10+00:00
https://emerald.puzzlepirates.com/yoweb/pirate.wm?classic=false&target=Yungcole,Yungcole,League of Shadows,https://emerald.puzzlepirates.com/yoweb/crew/info.wm?crewid=5008157&classic=$classic,2026-02-25T22:58:10+00:00
https://emerald.puzzlepirates.com/yoweb/pirate.wm?classic=false&target=Basenji,Basenji,Djinn N Tonic,https://emerald.puzzlepirates.com/yoweb/crew/info.wm?crewid=5037658&classic=$classic,2026-02-25T22:58:10+00:00
https://emerald.puzzlepirates.com/yoweb/pirate.wm?classic=false&target=Als,Als,Djinn N Tonic,https://emerald.puzzlepirates.com/yoweb/crew/info.wm?crewid=5037658&classic=$classic,2026-02-25T22:58:10+00:00
https://emerald.puzzlepirates.com/yoweb/pirate.wm?classic=false&target=Chamos,Chamos,Djinn N Tonic,https://emerald.puzzlepirates.com/yoweb/crew/info.wm?crewid=5037658&classic=$classic,2026-02-25T22:58:10+00:00
https://emerald.puzzlepirates.com/yoweb/pirate.wm?classic=false&target=Hamstars,Hamstars,Djinn N Tonic,https://emerald.puzzlepirates.com/yoweb/crew/info.wm?crewid=5037658&classic=$classic,2026-02-25T22:58:10+00:00
https://emerald.puzzlepirates.com/yoweb/pirate.wm?classic=false&target=Kittopia,Kittopia,Djinn N Tonic,https://emerald.puzzlepirates.com/yoweb/crew/info.wm?crewid=5037658&classic=$classic,2026-02-25T22:58:10+00:00
https://emerald.puzzlepirates.com/yoweb/pirate.wm?classic=false&target=Lekeekle,Lekeekle,Djinn N Tonic,https://emerald.puzzlepirates.com/yoweb/crew/info.wm?crewid=5037658&classic=$classic,2026-02-25T22:58:10+00:00
https://emerald.puzzlepirates.com/yoweb/pirate.wm?classic=false&target=Lukineight,Lukineight,Djinn N Tonic,https://emerald.puzzlepirates.com/yoweb/crew/info.wm?crewid=5037658&classic=$classic,2026-02-25T22:58:10+00:00
https://emerald.puzzlepirates.com/yoweb/pirate.wm?classic=false&target=Purveyor,Purveyor,Djinn N Tonic,https://emerald.puzzlepirates.com/yoweb/crew/info.wm?crewid=5037658&classic=$classic,2026-02-25T22:58:10+00:00
https://emerald.puzzlepirates.com/yoweb/pirate.wm?classic=false&target=Rikitoc,Rikitoc,Djinn N Tonic,https://emerald.puzzlepirates.com/yoweb/crew/info.wm?crewid=5037658&classic=$classic,2026-02-25T22:58:10+00:00
https://emerald.puzzlepirates.com/yoweb/pirate.wm?classic=false&target=Sonoftyrion,Sonoftyrion,Djinn N Tonic,https://emerald.puzzlepirates.com/yoweb/crew/info.wm?crewid=5037658&classic=$classic,2026-02-25T22:58:10+00:00
https://emerald.puzzlepirates.com/yoweb/pirate.wm?classic=false&target=Tobyeans,Tobyeans,Djinn N Tonic,https://emerald.puzzlepirates.com/yoweb/crew/info.wm?crewid=5037658&classic=$classic,2026-02-25T22:58:10+00:00
https://emerald.puzzlepirates.com/yoweb/pirate.wm?classic=false&target=Vuragado,Vuragado,Djinn N Tonic,https://emerald.puzzlepirates.com/yoweb/crew/info.wm?crewid=5037658&classic=$classic,2026-02-25T22:58:10+00:00
https://emerald.puzzlepirates.com/yoweb/pirate.wm?classic=false&target=Bulgarria,Bulgarria,Djinn N Tonic,https://emerald.puzzlepirates.com/yoweb/crew/info.wm?crewid=5037658&classic=$classic,2026-02-25T22:58:10+00:00
https://emerald.puzzlepirates.com/yoweb/pirate.wm?classic=false&target=Captainlight,Captainlight,Djinn N Tonic,https://emerald.puzzlepirates.com/yoweb/crew/info.wm?crewid=5037658&classic=$classic,2026-02-25T22:58:10+00:00
https://emerald.puzzlepirates.com/yoweb/pirate.wm?classic=false&target=Churros,Churros,Djinn N Tonic,https://emerald.puzzlepirates.com/yoweb/crew/info.wm?crewid=5037658&classic=$classic,2026-02-25T22:58:10+00:00
https://emerald.puzzlepirates.com/yoweb/pirate.wm?classic=false&target=Goldenoldie,Goldenoldie,Djinn N Tonic,https://emerald.puzzlepirates.com/yoweb/crew/info.wm?crewid=5037658&classic=$classic,2026-02-25T22:58:10+00:00
https://emerald.puzzlepirates.com/yoweb/pirate.wm?classic=false&target=Ironjackfist,Ironjackfist,Djinn N Tonic,https://emerald.puzzlepirates.com/yoweb/crew/info.wm?crewid=5037658&classic=$classic,2026-02-25T22:58:10+00:00
https://emerald.puzzlepirates.com/yoweb/pirate.wm?classic=false&target=Scoldings,Scoldings,Djinn N Tonic,https://emerald.puzzlepirates.com/yoweb/crew/info.wm?crewid=5037658&classic=$classic,2026-02-25T22:58:10+00:00
https://emerald.puzzlepirates.com/yoweb/pirate.wm?classic=false&target=Sleepos,Sleepos,Djinn N Tonic,https://emerald.puzzlepirates.com/yoweb/crew/info.wm?crewid=5037658&classic=$classic,2026-02-25T22:58:10+00:00
https://emerald.puzzlepirates.com/yoweb/pirate.wm?classic=false&target=Starfoxius,Starfoxius,Djinn N Tonic,https://emerald.puzzlepirates.com/yoweb/crew/info.wm?crewid=5037658&classic=$classic,2026-02-25T22:58:10+00:00
https://emerald.puzzlepirates.com/yoweb/pirate.wm?classic=false&target=Venniet,Venniet,Djinn N Tonic,https://emerald.puzzlepirates.com/yoweb/crew/info.wm?crewid=5037658&classic=$classic,2026-02-25T22:58:10+00:00
https://emerald.puzzlepirates.com/yoweb/pirate.wm?classic=false&target=Asmither,Asmither,Djinn N Tonic,https://emerald.puzzlepirates.com/yoweb/crew/info.wm?crewid=5037658&classic=$classic,2026-02-25T22:58:10+00:00
https://emerald.puzzlepirates.com/yoweb/pirate.wm?classic=false&target=Binley,Binley,Djinn N Tonic,https://emerald.puzzlepirates.com/yoweb/crew/info.wm?crewid=5037658&classic=$classic,2026-02-25T22:58:10+00:00
https://emerald.puzzlepirates.com/yoweb/pirate.wm?classic=false&target=Bombody,Bombody,Djinn N Tonic,https://emerald.puzzlepirates.com/yoweb/crew/info.wm?crewid=5037658&classic=$classic,2026-02-25T22:58:10+00:00
https://emerald.puzzlepirates.com/yoweb/pirate.wm?classic=false&target=Cdinis,Cdinis,Djinn N Tonic,https://emerald.puzzlepirates.com/yoweb/crew/info.wm?crewid=5037658&classic=$classic,2026-02-25T22:58:10+00:00
https://emerald.puzzlepirates.com/yoweb/pirate.wm?classic=false&target=Dagny,Dagny,Djinn N Tonic,https://emerald.puzzlepirates.com/yoweb/crew/info.wm?crewid=5037658&classic=$classic,2026-02-25T22:58:10+00:00
https://emerald.puzzlepirates.com/yoweb/pirate.wm?classic=false&target=Emmbo,Emmbo,Djinn N Tonic,https://emerald.puzzlepirates.com/yoweb/crew/info.wm?crewid=5037658&classic=$classic,2026-02-25T22:58:10+00:00
https://emerald.puzzlepirates.com/yoweb/pirate.wm?classic=false&target=Feefee,Feefee,Djinn N Tonic,https://emerald.puzzlepirates.com/yoweb/crew/info.wm?crewid=5037658&classic=$classic,2026-02-25T22:58:10+00:00
https://emerald.puzzlepirates.com/yoweb/pirate.wm?classic=false&target=Grint,Grint,Djinn N Tonic,https://emerald.puzzlepirates.com/yoweb/crew/info.wm?crewid=5037658&classic=$classic,2026-02-25T22:58:10+00:00
https://emerald.puzzlepirates.com/yoweb/pirate.wm?classic=false&target=Meshambre,Meshambre,Djinn N Tonic,https://emerald.puzzlepirates.com/yoweb/crew/info.wm?crewid=5037658&classic=$classic,2026-02-25T22:58:10+00:00
https://emerald.puzzlepirates.com/yoweb/pirate.wm?classic=false&target=Notfilup,Notfilup,Djinn N Tonic,https://emerald.puzzlepirates.com/yoweb/crew/info.wm?crewid=5037658&classic=$classic,2026-02-25T22:58:10+00:00
https://emerald.puzzlepirates.com/yoweb/pirate.wm?classic=false&target=Quicksilvarr,Quicksilvarr,Djinn N Tonic,https://emerald.puzzlepirates.com/yoweb/crew/info.wm?crewid=5037658&classic=$classic,2026-02-25T22:58:10+00:00
https://emerald.puzzlepirates.com/yoweb/pirate.wm?classic=false&target=Tunatartar,Tunatartar,Djinn N Tonic,https://emerald.puzzlepirates.com/yoweb/crew/info.wm?crewid=5037658&classic=$classic,2026-02-25T22:58:10+00:00
https://emerald.puzzlepirates.com/yoweb/pirate.wm?classic=false&target=Vengeresse,Vengeresse,Djinn N Tonic,https://emerald.puzzlepirates.com/yoweb/crew/info.wm?crewid=5037658&classic=$classic,2026-02-25T22:58:10+00:00
https://emerald.puzzlepirates.com/yoweb/pirate.wm?classic=false&target=Motherhip,Motherhip,Djinn N Tonic,https://emerald.puzzlepirates.com/yoweb/crew/info.wm?crewid=5037658&classic=$classic,2026-02-25T22:58:10+00:00
https://emerald.puzzlepirates.com/yoweb/pirate.wm?classic=false&target=Mrtick,Mrtick,More Wine Less Whine,https://emerald.puzzlepirates.com/yoweb/crew/info.wm?crewid=5037101&classic=$classic,2026-02-25T22:58:10+00:00
https://emerald.puzzlepirates.com/yoweb/pirate.wm?classic=false&target=Mrtickle,Mrtickle,More Wine Less Whine,https://emerald.puzzlepirates.com/yoweb/crew/info.wm?crewid=5037101&classic=$classic,2026-02-25T22:58:10+00:00
https://emerald.puzzlepirates.com/yoweb/pirate.wm?classic=false&target=Mrticklethre,Mrticklethre,More Wine Less Whine,https://emerald.puzzlepirates.com/yoweb/crew/info.wm?crewid=5037101&classic=$classic,2026-02-25T22:58:10+00:00
https://emerald.puzzlepirates.com/yoweb/pirate.wm?classic=false&target=Narrewarren,Narrewarren,More Wine Less Whine,https://emerald.puzzlepirates.com/yoweb/crew/info.wm?crewid=5037101&classic=$classic,2026-02-25T22:58:10+00:00
https://emerald.puzzlepirates.com/yoweb/pirate.wm?classic=false&target=Redrumgun,Redrumgun,More Wine Less Whine,https://emerald.puzzlepirates.com/yoweb/crew/info.wm?crewid=5037101&classic=$classic,2026-02-25T22:58:10+00:00
https://emerald.puzzlepirates.com/yoweb/pirate.wm?classic=false&target=Rumgumred,Rumgumred,More Wine Less Whine,https://emerald.puzzlepirates.com/yoweb/crew/info.wm?crewid=5037101&classic=$classic,2026-02-25T22:58:10+00:00
https://emerald.puzzlepirates.com/yoweb/pirate.wm?classic=false&target=Blighted,Blighted,More Wine Less Whine,https://emerald.puzzlepirates.com/yoweb/crew/info.wm?crewid=5037101&classic=$classic,2026-02-25T22:58:10+00:00
https://emerald.puzzlepirates.com/yoweb/pirate.wm?classic=false&target=Brioux,Brioux,More Wine Less Whine,https://emerald.puzzlepirates.com/yoweb/crew/info.wm?crewid=5037101&classic=$classic,2026-02-25T22:58:10+00:00
https://emerald.puzzlepirates.com/yoweb/pirate.wm?classic=false&target=Redgumrum,Redgumrum,More Wine Less Whine,https://emerald.puzzlepirates.com/yoweb/crew/info.wm?crewid=5037101&classic=$classic,2026-02-25T22:58:10+00:00
https://emerald.puzzlepirates.com/yoweb/pirate.wm?classic=false&target=Banghammer,Banghammer,More Wine Less Whine,https://emerald.puzzlepirates.com/yoweb/crew/info.wm?crewid=5037101&classic=$classic,2026-02-25T22:58:10+00:00
https://emerald.puzzlepirates.com/yoweb/pirate.wm?classic=false&target=Bundaberg,Bundaberg,More Wine Less Whine,https://emerald.puzzlepirates.com/yoweb/crew/info.wm?crewid=5037101&classic=$classic,2026-02-25T22:58:10+00:00
https://emerald.puzzlepirates.com/yoweb/pirate.wm?classic=false&target=Maribyrnong,Maribyrnong,More Wine Less Whine,https://emerald.puzzlepirates.com/yoweb/crew/info.wm?crewid=5037101&classic=$classic,2026-02-25T22:58:10+00:00
https://emerald.puzzlepirates.com/yoweb/pirate.wm?classic=false&target=Nubsauces,Nubsauces,More Wine Less Whine,https://emerald.puzzlepirates.com/yoweb/crew/info.wm?crewid=5037101&classic=$classic,2026-02-25T22:58:10+00:00
https://emerald.puzzlepirates.com/yoweb/pirate.wm?classic=false&target=Squidz,Squidz,More Wine Less Whine,https://emerald.puzzlepirates.com/yoweb/crew/info.wm?crewid=5037101&classic=$classic,2026-02-25T22:58:10+00:00
https://emerald.puzzlepirates.com/yoweb/pirate.wm?classic=false&target=Squidz-East,Squidz-East,More Wine Less Whine,https://emerald.puzzlepirates.com/yoweb/crew/info.wm?crewid=5037101&classic=$classic,2026-02-25T22:58:10+00:00
https://emerald.puzzlepirates.com/yoweb/pirate.wm?classic=false&target=Aperol,Aperol,More Wine Less Whine,https://emerald.puzzlepirates.com/yoweb/crew/info.wm?crewid=5037101&classic=$classic,2026-02-25T22:58:10+00:00
https://emerald.puzzlepirates.com/yoweb/pirate.wm?classic=false&target=Armagnac,Armagnac,More Wine Less Whine,https://emerald.puzzlepirates.com/yoweb/crew/info.wm?crewid=5037101&classic=$classic,2026-02-25T22:58:10+00:00
https://emerald.puzzlepirates.com/yoweb/pirate.wm?classic=false&target=Bellinii,Bellinii,More Wine Less Whine,https://emerald.puzzlepirates.com/yoweb/crew/info.wm?crewid=5037101&classic=$classic,2026-02-25T22:58:10+00:00
https://emerald.puzzlepirates.com/yoweb/pirate.wm?classic=false&target=Bundoora,Bundoora,More Wine Less Whine,https://emerald.puzzlepirates.com/yoweb/crew/info.wm?crewid=5037101&classic=$classic,2026-02-25T22:58:10+00:00
https://emerald.puzzlepirates.com/yoweb/pirate.wm?classic=false&target=Camparii,Camparii,More Wine Less Whine,https://emerald.puzzlepirates.com/yoweb/crew/info.wm?crewid=5037101&classic=$classic,2026-02-25T22:58:10+00:00
https://emerald.puzzlepirates.com/yoweb/pirate.wm?classic=false&target=Hrmph,Hrmph,More Wine Less Whine,https://emerald.puzzlepirates.com/yoweb/crew/info.wm?crewid=5037101&classic=$classic,2026-02-25T22:58:10+00:00
https://emerald.puzzlepirates.com/yoweb/pirate.wm?classic=false&target=Keanedge,Keanedge,More Wine Less Whine,https://emerald.puzzlepirates.com/yoweb/crew/info.wm?crewid=5037101&classic=$classic,2026-02-25T22:58:10+00:00
https://emerald.puzzlepirates.com/yoweb/pirate.wm?classic=false&target=Kooweerup,Kooweerup,More Wine Less Whine,https://emerald.puzzlepirates.com/yoweb/crew/info.wm?crewid=5037101&classic=$classic,2026-02-25T22:58:10+00:00
https://emerald.puzzlepirates.com/yoweb/pirate.wm?classic=false&target=Slvlbr,Slvlbr,More Wine Less Whine,https://emerald.puzzlepirates.com/yoweb/crew/info.wm?crewid=5037101&classic=$classic,2026-02-25T22:58:10+00:00
https://emerald.puzzlepirates.com/yoweb/pirate.wm?classic=false&target=Wangaratta,Wangaratta,More Wine Less Whine,https://emerald.puzzlepirates.com/yoweb/crew/info.wm?crewid=5037101&classic=$classic,2026-02-25T22:58:10+00:00
https://emerald.puzzlepirates.com/yoweb/pirate.wm?classic=false&target=Wattlemyrtle,Wattlemyrtle,More Wine Less Whine,https://emerald.puzzlepirates.com/yoweb/crew/info.wm?crewid=5037101&classic=$classic,2026-02-25T22:58:10+00:00
https://emerald.puzzlepirates.com/yoweb/pirate.wm?classic=false&target=Wooriyallock,Wooriyallock,More Wine Less Whine,https://emerald.puzzlepirates.com/yoweb/crew/info.wm?crewid=5037101&classic=$classic,2026-02-25T22:58:10+00:00
https://emerald.puzzlepirates.com/yoweb/pirate.wm?classic=false&target=Janessica,Janessica,Bad Candy,https://emerald.puzzlepirates.com/yoweb/crew/info.wm?crewid=5033905&classic=$classic,2026-02-25T22:58:10+00:00
https://emerald.puzzlepirates.com/yoweb/pirate.wm?classic=false&target=Julzb,Julzb,Bad Candy,https://emerald.puzzlepirates.com/yoweb/crew/info.wm?crewid=5033905&classic=$classic,2026-02-25T22:58:10+00:00
https://emerald.puzzlepirates.com/yoweb/pirate.wm?classic=false&target=Realbeann,Realbeann,Bad Candy,https://emerald.puzzlepirates.com/yoweb/crew/info.wm?crewid=5033905&classic=$classic,2026-02-25T22:58:10+00:00
https://emerald.puzzlepirates.com/yoweb/pirate.wm?classic=false&target=Siinny,Siinny,Bad Candy,https://emerald.puzzlepirates.com/yoweb/crew/info.wm?crewid=5033905&classic=$classic,2026-02-25T22:58:10+00:00
https://emerald.puzzlepirates.com/yoweb/pirate.wm?classic=false&target=Forevertee,Forevertee,Bad Candy,https://emerald.puzzlepirates.com/yoweb/crew/info.wm?crewid=5033905&classic=$classic,2026-02-25T22:58:10+00:00
https://emerald.puzzlepirates.com/yoweb/pirate.wm?classic=false&target=Iwinston,Iwinston,Bad Candy,https://emerald.puzzlepirates.com/yoweb/crew/info.wm?crewid=5033905&classic=$classic,2026-02-25T22:58:10+00:00
https://emerald.puzzlepirates.com/yoweb/pirate.wm?classic=false&target=Lauwbeer,Lauwbeer,Bad Candy,https://emerald.puzzlepirates.com/yoweb/crew/info.wm?crewid=5033905&classic=$classic,2026-02-25T22:58:10+00:00
https://emerald.puzzlepirates.com/yoweb/pirate.wm?classic=false&target=Peppyronie,Peppyronie,Bad Candy,https://emerald.puzzlepirates.com/yoweb/crew/info.wm?crewid=5033905&classic=$classic,2026-02-25T22:58:10+00:00
https://emerald.puzzlepirates.com/yoweb/pirate.wm?classic=false&target=Rogerklotz,Rogerklotz,Bad Candy,https://emerald.puzzlepirates.com/yoweb/crew/info.wm?crewid=5033905&classic=$classic,2026-02-25T22:58:10+00:00
https://emerald.puzzlepirates.com/yoweb/pirate.wm?classic=false&target=Thecoyote,Thecoyote,New Frigs On The Block,https://emerald.puzzlepirates.com/yoweb/crew/info.wm?crewid=5037742&classic=$classic,2026-02-25T22:58:10+00:00
https://emerald.puzzlepirates.com/yoweb/pirate.wm?classic=false&target=Amazingdartz,Amazingdartz,New Frigs On The Block,https://emerald.puzzlepirates.com/yoweb/crew/info.wm?crewid=5037742&classic=$classic,2026-02-25T22:58:10+00:00
https://emerald.puzzlepirates.com/yoweb/pirate.wm?classic=false&target=Brockoalt,Brockoalt,New Frigs On The Block,https://emerald.puzzlepirates.com/yoweb/crew/info.wm?crewid=5037742&classic=$classic,2026-02-25T22:58:10+00:00
https://emerald.puzzlepirates.com/yoweb/pirate.wm?classic=false&target=Glubbotion,Glubbotion,New Frigs On The Block,https://emerald.puzzlepirates.com/yoweb/crew/info.wm?crewid=5037742&classic=$classic,2026-02-25T22:58:10+00:00
https://emerald.puzzlepirates.com/yoweb/pirate.wm?classic=false&target=Lukin,Lukin,New Frigs On The Block,https://emerald.puzzlepirates.com/yoweb/crew/info.wm?crewid=5037742&classic=$classic,2026-02-25T22:58:10+00:00
https://emerald.puzzlepirates.com/yoweb/pirate.wm?classic=false&target=Timbertop,Timbertop,New Frigs On The Block,https://emerald.puzzlepirates.com/yoweb/crew/info.wm?crewid=5037742&classic=$classic,2026-02-25T22:58:10+00:00
https://emerald.puzzlepirates.com/yoweb/pirate.wm?classic=false&target=Admirallzhao,Admirallzhao,New Frigs On The Block,https://emerald.puzzlepirates.com/yoweb/crew/info.wm?crewid=5037742&classic=$classic,2026-02-25T22:58:10+00:00
https://emerald.puzzlepirates.com/yoweb/pirate.wm?classic=false&target=Captbiology,Captbiology,New Frigs On The Block,https://emerald.puzzlepirates.com/yoweb/crew/info.wm?crewid=5037742&classic=$classic,2026-02-25T22:58:10+00:00
https://emerald.puzzlepirates.com/yoweb/pirate.wm?classic=false&target=Drunkdarts,Drunkdarts,New Frigs On The Block,https://emerald.puzzlepirates.com/yoweb/crew/info.wm?crewid=5037742&classic=$classic,2026-02-25T22:58:10+00:00
https://emerald.puzzlepirates.com/yoweb/pirate.wm?classic=false&target=Icculus,Icculus,New Frigs On The Block,https://emerald.puzzlepirates.com/yoweb/crew/info.wm?crewid=5037742&classic=$classic,2026-02-25T22:58:10+00:00
https://emerald.puzzlepirates.com/yoweb/pirate.wm?classic=false&target=Sassyclass,Sassyclass,New Frigs On The Block,https://emerald.puzzlepirates.com/yoweb/crew/info.wm?crewid=5037742&classic=$classic,2026-02-25T22:58:10+00:00
https://emerald.puzzlepirates.com/yoweb/pirate.wm?classic=false&target=Lovemimi,Lovemimi,Comic Relief,https://emerald.puzzlepirates.com/yoweb/crew/info.wm?crewid=5037127&classic=$classic,2026-02-25T22:58:10+00:00
https://emerald.puzzlepirates.com/yoweb/pirate.wm?classic=false&target=Charlieb,Charlieb,Comic Relief,https://emerald.puzzlepirates.com/yoweb/crew/info.wm?crewid=5037127&classic=$classic,2026-02-25T22:58:10+00:00
https://emerald.puzzlepirates.com/yoweb/pirate.wm?classic=false&target=Idnyc,Idnyc,Comic Relief,https://emerald.puzzlepirates.com/yoweb/crew/info.wm?crewid=5037127&classic=$classic,2026-02-25T22:58:10+00:00
https://emerald.puzzlepirates.com/yoweb/pirate.wm?classic=false&target=Mrsmom,Mrsmom,Comic Relief,https://emerald.puzzlepirates.com/yoweb/crew/info.wm?crewid=5037127&classic=$classic,2026-02-25T22:58:10+00:00
https://emerald.puzzlepirates.com/yoweb/pirate.wm?classic=false&target=Gingerbilly,Gingerbilly,Comic Relief,https://emerald.puzzlepirates.com/yoweb/crew/info.wm?crewid=5037127&classic=$classic,2026-02-25T22:58:10+00:00
https://emerald.puzzlepirates.com/yoweb/pirate.wm?classic=false&target=Yabbadabbado,Yabbadabbado,Comic Relief,https://emerald.puzzlepirates.com/yoweb/crew/info.wm?crewid=5037127&classic=$classic,2026-02-25T22:58:10+00:00
https://emerald.puzzlepirates.com/yoweb/pirate.wm?classic=false&target=Omaradonis,Omaradonis,Rocks D Insanis Crew,https://emerald.puzzlepirates.com/yoweb/crew/info.wm?crewid=5037976&classic=$classic,2026-02-25T22:58:10+00:00
https://emerald.puzzlepirates.com/yoweb/pirate.wm?classic=false&target=Karpos,Karpos,Rocks D Insanis Crew,https://emerald.puzzlepirates.com/yoweb/crew/info.wm?crewid=5037976&classic=$classic,2026-02-25T22:58:10+00:00
https://emerald.puzzlepirates.com/yoweb/pirate.wm?classic=false&target=Turkeygravy,Turkeygravy,Rocks D Insanis Crew,https://emerald.puzzlepirates.com/yoweb/crew/info.wm?crewid=5037976&classic=$classic,2026-02-25T22:58:10+00:00
https://emerald.puzzlepirates.com/yoweb/pirate.wm?classic=false&target=Chokeahoe,Chokeahoe,Rocks D Insanis Crew,https://emerald.puzzlepirates.com/yoweb/crew/info.wm?crewid=5037976&classic=$classic,2026-02-25T22:58:10+00:00
https://emerald.puzzlepirates.com/yoweb/pirate.wm?classic=false&target=Bkierzy,Bkierzy,Piece Keepers,https://emerald.puzzlepirates.com/yoweb/crew/info.wm?crewid=5037952&classic=$classic,2026-02-25T22:58:10+00:00
https://emerald.puzzlepirates.com/yoweb/pirate.wm?classic=false&target=Cornonthecob,Cornonthecob,Piece Keepers,https://emerald.puzzlepirates.com/yoweb/crew/info.wm?crewid=5037952&classic=$classic,2026-02-25T22:58:10+00:00
https://emerald.puzzlepirates.com/yoweb/pirate.wm?classic=false&target=Dewworm,Dewworm,Piece Keepers,https://emerald.puzzlepirates.com/yoweb/crew/info.wm?crewid=5037952&classic=$classic,2026-02-25T22:58:10+00:00
https://emerald.puzzlepirates.com/yoweb/pirate.wm?classic=false&target=Rccar,Rccar,Piece Keepers,https://emerald.puzzlepirates.com/yoweb/crew/info.wm?crewid=5037952&classic=$classic,2026-02-25T22:58:10+00:00
https://emerald.puzzlepirates.com/yoweb/pirate.wm?classic=false&target=Moel,Moel,The Caravel Corsairs,https://emerald.puzzlepirates.com/yoweb/crew/info.wm?crewid=5013022&classic=$classic,2026-02-25T22:58:10+00:00
https://emerald.puzzlepirates.com/yoweb/pirate.wm?classic=false&target=Himawari,Himawari,The Caravel Corsairs,https://emerald.puzzlepirates.com/yoweb/crew/info.wm?crewid=5013022&classic=$classic,2026-02-25T22:58:10+00:00
https://emerald.puzzlepirates.com/yoweb/pirate.wm?classic=false&target=Erza,Erza,The Caravel Corsairs,https://emerald.puzzlepirates.com/yoweb/crew/info.wm?crewid=5013022&classic=$classic,2026-02-25T22:58:10+00:00
https://emerald.puzzlepirates.com/yoweb/pirate.wm?classic=false&target=Amazingdarts,Amazingdarts,Ode to Piracy,https://emerald.puzzlepirates.com/yoweb/crew/info.wm?crewid=5037702&classic=$classic,2026-02-25T22:58:10+00:00
https://emerald.puzzlepirates.com/yoweb/pirate.wm?classic=false&target=Amazingtarts,Amazingtarts,Ode to Piracy,https://emerald.puzzlepirates.com/yoweb/crew/info.wm?crewid=5037702&classic=$classic,2026-02-25T22:58:10+00:00
https://emerald.puzzlepirates.com/yoweb/pirate.wm?classic=false&target=Brockalt,Brockalt,Booze Cruise,https://emerald.puzzlepirates.com/yoweb/crew/info.wm?crewid=5031812&classic=$classic,2026-02-25T22:58:10+00:00
https://emerald.puzzlepirates.com/yoweb/pirate.wm?classic=false&target=Rikitoevent,Rikitoevent,Booze Cruise,https://emerald.puzzlepirates.com/yoweb/crew/info.wm?crewid=5031812&classic=$classic,2026-02-25T22:58:10+00:00
https://emerald.puzzlepirates.com/yoweb/pirate.wm?classic=false&target=Leftaii,Leftaii,Ice Melting,https://emerald.puzzlepirates.com/yoweb/crew/info.wm?crewid=5037720&classic=$classic,2026-02-25T22:58:10+00:00
https://emerald.puzzlepirates.com/yoweb/pirate.wm?classic=false&target=Jaihope,Jaihope,Ice Melting,https://emerald.puzzlepirates.com/yoweb/crew/info.wm?crewid=5037720&classic=$classic,2026-02-25T22:58:10+00:00
https://emerald.puzzlepirates.com/yoweb/pirate.wm?classic=false&target=Lemontwist,Lemontwist,Deja Voodoo,https://emerald.puzzlepirates.com/yoweb/crew/info.wm?crewid=5037715&classic=$classic,2026-02-25T22:58:10+00:00
https://emerald.puzzlepirates.com/yoweb/pirate.wm?classic=false&target=Gurlar,Gurlar,Roulette Pirates,https://emerald.puzzlepirates.com/yoweb/crew/info.wm?crewid=5037618&classic=$classic,2026-02-25T22:58:10+00:00
https://emerald.puzzlepirates.com/yoweb/pirate.wm?classic=false&target=Willirob,Willirob,The Lost Imperial Navy,https://emerald.puzzlepirates.com/yoweb/crew/info.wm?crewid=5031354&classic=$classic,2026-02-25T22:58:10+00:00
https://emerald.puzzlepirates.com/yoweb/pirate.wm?classic=false&target=Rumsundae,Rumsundae,Fairy Floss Fanatics,https://emerald.puzzlepirates.com/yoweb/crew/info.wm?crewid=5019586&classic=$classic,2026-02-25T22:58:10+00:00
https://emerald.puzzlepirates.com/yoweb/pirate.wm?classic=false&target=Muntean,Muntean,Fenix,https://emerald.puzzlepirates.com/yoweb/crew/info.wm?crewid=5037646&classic=$classic,2026-02-25T22:58:10+00:00
https://emerald.puzzlepirates.com/yoweb/pirate.wm?classic=false&target=Mscat,Mscat,Cats Meow,https://emerald.puzzlepirates.com/yoweb/crew/info.wm?crewid=5037649&classic=$classic,2026-02-25T22:58:10+00:00
