Pirate Name,Crew Name,Shop Type,Shop size,Shop Name,Location,Ownership Role,Last Updated (UTC)
Brocko,League of Shadows,Iron Monger,Shoppe,,Error,Owns,2026-03-01T17:36:18+00:00
Brocko,League of Shadows,Iron Monger,Shoppe,Tiny Balls,Sayers Rock,Owns,2026-03-01T17:36:18+00:00
Brocko,League of Shadows,Distillery,Shoppe,Rum in a Flash,Barbary Island,Manages,2026-03-01T17:36:18+00:00
Brocko,League of Shadows,Distillery,Shoppe,", Pour It Up",Armstrong Island,Manages,2026-03-01T17:36:18+00:00
Brocko,League of Shadows,Distillery,Shoppe,", Fiddy PoE",Armstrong Island,Manages,2026-03-01T17:36:18+00:00
Brocko,League of Shadows,Apothecary,Shoppe,The Dye-Vinci Code,Admiral Island,Manages,2026-03-01T17:36:18+00:00
Brocko,League of Shadows,Distillery,Shoppe,Alcoholics Anonymous,Admiral Island,Manages,2026-03-01T17:36:18+00:00
Brocko,League of Shadows,Distillery,Shoppe,", The Rum Reaper",Aimuari Island,Manages,2026-03-01T17:36:18+00:00
Brocko,League of Shadows,Fort,Shoppe,Saiph to Drink,Saiph Island,Manages,2026-03-01T17:36:18+00:00
Bigtimerz,League of Shadows,Distillery,Shoppe,,Error,Owns,2026-03-01T17:36:18+00:00
Bigtimerz,League of Shadows,Distillery,Shoppe,Pour It Up,Armstrong Island,Owns,2026-03-01T17:36:18+00:00
Bigtimerz,League of Shadows,Weavery,Shoppe,Ribbons and Bows,Armstrong Island,Owns,2026-03-01T17:36:18+00:00
Bigtimerz,League of Shadows,Tailor,Stall,Bigtimerz's Tailoring Stall,Admiral Island,Owns,2026-03-01T17:36:18+00:00
Bigtimerz,League of Shadows,Tailor,Stall,Bigtimerzz's Tailoring Stall,Admiral Island,Manages,2026-03-01T17:36:18+00:00
Classless,League of Shadows,Shipyard,Shoppe,,Error,Manages,2026-03-01T17:36:18+00:00
Classless,League of Shadows,Shipyard,Shoppe,Ship Faced,Aimuari Island,Manages,2026-03-01T17:36:18+00:00
Classless,League of Shadows,Shipyard,Shoppe,", Saiph to Sail",Saiph Island,Manages,2026-03-01T17:36:18+00:00
Classless,League of Shadows,Iron Monger,Shoppe,Swords of the Rings,Admiral Island,Manages,2026-03-01T17:36:18+00:00
Classless,League of Shadows,Iron Monger,Shoppe,", The Ore House",Sayers Rock,Manages,2026-03-01T17:36:18+00:00
Classless,League of Shadows,Iron Monger,Shoppe,", Pure Balls",Alkaid Island,Manages,2026-03-01T17:36:18+00:00
Classless,League of Shadows,Shipyard,Shoppe,The Mast,Barbary Island,Manages,2026-03-01T17:36:18+00:00
Classless,League of Shadows,Shipyard,Shoppe,", The Accrued Dart",Penobscot Island,Manages,2026-03-01T17:36:18+00:00
Classless,League of Shadows,Fort,Shoppe,The Fortified Dart,Penobscot Island,Manages,2026-03-01T17:36:18+00:00
Classless,League of Shadows,Shipyard,Shoppe,The Chariot,Sayers Rock,Manages,2026-03-01T17:36:18+00:00
Classless,League of Shadows,Distillery,Shoppe,Alcoholics Anonymous,Admiral Island,Manages,2026-03-01T17:36:18+00:00
Classless,League of Shadows,Furnisher,Shoppe,Junk and Disorderly,Sayers Rock,Manages,2026-03-01T17:36:18+00:00
Classless,League of Shadows,Iron Monger,Stall,Annananana's Ironworking Stall,Admiral Island,Manages,2026-03-01T17:36:18+00:00
Classless,League of Shadows,Iron Monger,Stall,Annananana's Ironworking Stall,Quetzal Island,Manages,2026-03-01T17:36:18+00:00
Classless,League of Shadows,Distillery,Stall,Ananananana's Distilling Stall,Aimuari Island,Manages,2026-03-01T17:36:18+00:00
Classless,League of Shadows,Iron Monger,Stall,Annananana's Ironworking Stall,The Lowland Hundred,Manages,2026-03-01T17:36:18+00:00
Classless,League of Shadows,Distillery,Stall,Annananana's Distilling Stall,The Lowland Hundred,Manages,2026-03-01T17:36:18+00:00
Classless,League of Shadows,Apothecary,Stall,Ananananana's Apothecary Stall,Admiral Island,Manages,2026-03-01T17:36:18+00:00
Gelatoisback,League of Shadows,Tailor,Shoppe,,Error,Manages,2026-03-01T17:36:18+00:00
Gelatoisback,League of Shadows,Tailor,Stall,Snapples's Tailoring Stall,Barbary Island,Manages,2026-03-01T17:36:18+00:00
Narrewaz,League of Shadows,Weavery,Shoppe,,Error,Owns,2026-03-01T17:36:18+00:00
Narrewaz,League of Shadows,Weavery,Shoppe,Wheel of Fortune,Sayers Rock,Owns,2026-03-01T17:36:18+00:00
Narrewaz,League of Shadows,Weavery,Shoppe,", Handwoven Hulks",Barbary Island,Owns,2026-03-01T17:36:18+00:00
Narrewaz,League of Shadows,Distillery,Shoppe,Brews Banner,Barbary Island,Owns,2026-03-01T17:36:18+00:00
Narrewaz,League of Shadows,Iron Monger,Shoppe,Swords of the Rings,Admiral Island,Owns,2026-03-01T17:36:18+00:00
Narrewaz,League of Shadows,Apothecary,Shoppe,All Dyes,You on Sayers Rock,Owns,2026-03-01T17:36:18+00:00
Narrewaz,League of Shadows,Iron Monger,Shoppe,The Ore House,Sayers Rock,Owns,2026-03-01T17:36:18+00:00
Narrewaz,League of Shadows,Shipyard,Shoppe,Kick Ash Repairs,Ashkelon Arch,Owns,2026-03-01T17:36:18+00:00
Narrewaz,League of Shadows,Distillery,Shoppe,One-Fifty-One Malibu Rum,Scrimshaw Island,Owns,2026-03-01T17:36:18+00:00
Narrewaz,League of Shadows,Shipyard,Shoppe,The Mast,Barbary Island,Owns,2026-03-01T17:36:18+00:00
Narrewaz,League of Shadows,Iron Monger,Shoppe,Adamantium Claws,Barbary Island,Owns,2026-03-01T17:36:18+00:00
Narrewaz,League of Shadows,Apothecary,Shoppe,The Dye-Vinci Code,Admiral Island,Owns,2026-03-01T17:36:18+00:00
Narrewaz,League of Shadows,Shipyard,Shoppe,The Chariot,Sayers Rock,Owns,2026-03-01T17:36:18+00:00
Narrewaz,League of Shadows,Distillery,Shoppe,Alcoholics Anonymous,Admiral Island,Owns,2026-03-01T17:36:18+00:00
Narrewaz,League of Shadows,Furnisher,Shoppe,Junk and Disorderly,Sayers Rock,Owns,2026-03-01T17:36:18+00:00
Narrewaz,League of Shadows,Apothecary,Shoppe,Dyed and Rose Again,Barbary Island,Owns,2026-03-01T17:36:18+00:00
Narrewaz,League of Shadows,Tailor,Shoppe,Up Shirt Creek,Sayers Rock,Owns,2026-03-01T17:36:18+00:00
Narrewaz,League of Shadows,Distillery,Shoppe,Grogma,Sayers Rock,Owns,2026-03-01T17:36:18+00:00
Narrewaz,League of Shadows,Distillery,Shoppe,Pour It Up,Armstrong Island,Manages,2026-03-01T17:36:18+00:00
Narrewaz,League of Shadows,Shipyard,Shoppe,Ship Faced,Aimuari Island,Manages,2026-03-01T17:36:18+00:00
Narrewaz,League of Shadows,Shipyard,Shoppe,", Saiph to Sail",Saiph Island,Manages,2026-03-01T17:36:18+00:00
Narrewaz,League of Shadows,Weavery,Shoppe,Ribbons and Bows,Armstrong Island,Manages,2026-03-01T17:36:18+00:00
Narrewaz,League of Shadows,Fort,Shoppe,Kick Ash Fort,Ashkelon Arch,Manages,2026-03-01T17:36:18+00:00
Narrewaz,League of Shadows,Apothecary,Stall,Narrewaz's Apothecary Stall,Bowditch Island,Owns,2026-03-01T17:36:18+00:00
Narrewaz,League of Shadows,Iron Monger,Stall,Rikitoc's Ironworking Stall,Lincoln Island,Manages,2026-03-01T17:36:18+00:00
Skulldugger,League of Shadows,Shipyard,Shoppe,,Error,Manages,2026-03-01T17:36:18+00:00
Skulldugger,League of Shadows,Shipyard,Shoppe,Ship Faced,Aimuari Island,Manages,2026-03-01T17:36:18+00:00
Skulldugger,League of Shadows,Iron Monger,Shoppe,Tiny Balls,Sayers Rock,Manages,2026-03-01T17:36:18+00:00
Urvilan,League of Shadows,Iron Monger,Shoppe,,Error,Owns,2026-03-01T17:36:18+00:00
Urvilan,League of Shadows,Iron Monger,Shoppe,Hephaestus's Hammer,Bowditch Island,Owns,2026-03-01T17:36:18+00:00
Urvilan,League of Shadows,Iron Monger,Shoppe,", Great Balls Of Fire",Sayers Rock,Owns,2026-03-01T17:36:18+00:00
Urvilan,League of Shadows,Iron Monger,Stall,Urvilan's Ironworking Stall,Admiral Island,Owns,2026-03-01T17:36:18+00:00
Wraps,League of Shadows,Shipyard,Shoppe,,Error,Owns,2026-03-01T17:36:18+00:00
Wraps,League of Shadows,Shipyard,Shoppe,Saiph to Sail,Saiph Island,Owns,2026-03-01T17:36:18+00:00
Wraps,League of Shadows,Fort,Shoppe,Kick Ash Fort,Ashkelon Arch,Owns,2026-03-01T17:36:18+00:00
Wraps,League of Shadows,Shipyard,Shoppe,Kick Ash Repairs,Ashkelon Arch,Manages,2026-03-01T17:36:18+00:00
Wraps,League of Shadows,Fort,Shoppe,Saiph to Drink,Saiph Island,Manages,2026-03-01T17:36:18+00:00
Fightmilk,League of Shadows,Distillery,Shoppe,,Error,Owns,2026-03-01T17:36:18+00:00
Fightmilk,League of Shadows,Distillery,Stall,Fightmilk's Distilling Stall,Scrimshaw Island,Owns,2026-03-01T17:36:18+00:00
Mrbritishguy,League of Shadows,Shipyard,Shoppe,,Error,Owns,2026-03-01T17:36:18+00:00
Mrbritishguy,League of Shadows,Shipyard,Shoppe,Ship Faced,Aimuari Island,Owns,2026-03-01T17:36:18+00:00
Mrbritishguy,League of Shadows,Weavery,Shoppe,Sheet Happens,Alkaid Island,Owns,2026-03-01T17:36:18+00:00
Mrbritishguy,League of Shadows,Apothecary,Stall,Mrbritishguy's Apothecary Stall,Aimuari Island,Owns,2026-03-01T17:36:18+00:00
Noojee,League of Shadows,Weavery,Shoppe,,Error,Manages,2026-03-01T17:36:18+00:00
Noojee,League of Shadows,Weavery,Shoppe,Wheel of Fortune,Sayers Rock,Manages,2026-03-01T17:36:18+00:00
Noojee,League of Shadows,Weavery,Shoppe,", Handwoven Hulks",Barbary Island,Manages,2026-03-01T17:36:18+00:00
Noojee,League of Shadows,Distillery,Shoppe,Brews Banner,Barbary Island,Manages,2026-03-01T17:36:18+00:00
Noojee,League of Shadows,Apothecary,Shoppe,All Dyes,You on Sayers Rock,Manages,2026-03-01T17:36:18+00:00
Noojee,League of Shadows,Iron Monger,Shoppe,The Ore House,Sayers Rock,Manages,2026-03-01T17:36:18+00:00
Noojee,League of Shadows,Shipyard,Shoppe,The Mast,Barbary Island,Manages,2026-03-01T17:36:18+00:00
Noojee,League of Shadows,Iron Monger,Shoppe,Adamantium Claws,Barbary Island,Manages,2026-03-01T17:36:18+00:00
Noojee,League of Shadows,Apothecary,Shoppe,The Dye-Vinci Code,Admiral Island,Manages,2026-03-01T17:36:18+00:00
Noojee,League of Shadows,Shipyard,Shoppe,The Chariot,Sayers Rock,Manages,2026-03-01T17:36:18+00:00
Noojee,League of Shadows,Furnisher,Shoppe,Junk and Disorderly,Sayers Rock,Manages,2026-03-01T17:36:18+00:00
Noojee,League of Shadows,Apothecary,Shoppe,Dyed and Rose Again,Barbary Island,Manages,2026-03-01T17:36:18+00:00
Noojee,League of Shadows,Tailor,Shoppe,Up Shirt Creek,Sayers Rock,Manages,2026-03-01T17:36:18+00:00
Noojee,League of Shadows,Distillery,Shoppe,Grogma,Sayers Rock,Manages,2026-03-01T17:36:18+00:00
Raaz,League of Shadows,Shipyard,Shoppe,,Error,Owns,2026-03-01T17:36:18+00:00
Raaz,League of Shadows,Shipyard,Shoppe,A Study In Ships,Doyle Island,Owns,2026-03-01T17:36:18+00:00
Sedirts,League of Shadows,Iron Monger,Shoppe,,Error,Owns,2026-03-01T17:36:18+00:00
Sedirts,League of Shadows,Iron Monger,Shoppe,Cutlass,Bowditch Island,Owns,2026-03-01T17:36:18+00:00
Sips,League of Shadows,Iron Monger,Shoppe,,Error,Owns,2026-03-01T17:36:18+00:00
Sips,League of Shadows,Iron Monger,Shoppe,Bullet,Barbary Island,Owns,2026-03-01T17:36:18+00:00
Bighitter,League of Shadows,Tailor,Shoppe,,Error,Owns,2026-03-01T17:36:18+00:00
Bighitter,League of Shadows,Tailor,Stall,Bighitter's Tailoring Stall,Admiral Island,Owns,2026-03-01T17:36:18+00:00
Brucemcgaw,League of Shadows,Distillery,Shoppe,,Error,Owns,2026-03-01T17:36:18+00:00
Brucemcgaw,League of Shadows,Distillery,Stall,Brucemcgaw's Distilling Stall,Aimuari Island,Owns,2026-03-01T17:36:18+00:00
Brucemcgaw,League of Shadows,Distillery,Stall,Brucemcgaw's Distilling Stall,Sayers Rock,Owns,2026-03-01T17:36:18+00:00
Brucemcgaw,League of Shadows,Furnisher,Stall,Brucemcgaw's Furnishing Stall,Admiral Island,Owns,2026-03-01T17:36:18+00:00
Brucemcgaw,League of Shadows,Iron Monger,Stall,Brucemcgaw's Ironworking Stall,Admiral Island,Owns,2026-03-01T17:36:18+00:00
Brucemcgaw,League of Shadows,Distillery,Stall,Brucemcgaw's Distilling Stall,Admiral Island,Owns,2026-03-01T17:36:18+00:00
Brucemcgaw,League of Shadows,Weavery,Stall,Brucemcgaw's Weaving Stall,Admiral Island,Owns,2026-03-01T17:36:18+00:00
Brucemcgaw,League of Shadows,Apothecary,Stall,Brucemcgaw's Apothecary Stall,Admiral Island,Owns,2026-03-01T17:36:18+00:00
Brucemcgaw,League of Shadows,Tailor,Stall,Brucemcgaw's Tailoring Stall,Admiral Island,Owns,2026-03-01T17:36:18+00:00
Brucemcgaw,League of Shadows,Shipyard,Stall,Brucemcgaw's Shipbuilding Stall,Admiral Island,Owns,2026-03-01T17:36:18+00:00
Brucemcgaw,League of Shadows,Distillery,Stall,Brucemcgaw's Distilling Stall,Arakoua Island,Owns,2026-03-01T17:36:18+00:00
Brucemcgaw,League of Shadows,Distillery,Stall,Brucemcgaw's Distilling Stall,Alkaid Island,Owns,2026-03-01T17:36:18+00:00
Brucemcgaw,League of Shadows,Distillery,Stall,Brucemcgaw's Distilling Stall,Scrimshaw Island,Owns,2026-03-01T17:36:18+00:00
Brucemcgaw,League of Shadows,Distillery,Stall,Brucemcgaw's Distilling Stall,Bowditch Island,Owns,2026-03-01T17:36:18+00:00
Glaciar,League of Shadows,Apothecary,Shoppe,,Error,Manages,2026-03-01T17:36:18+00:00
Glaciar,League of Shadows,Apothecary,Shoppe,Happy Little Coke,Bowditch Island,Manages,2026-03-01T17:36:18+00:00
Glaciar,League of Shadows,Iron Monger,Shoppe,Happy Little Swords,Bowditch Island,Manages,2026-03-01T17:36:18+00:00
Glaciar,League of Shadows,Distillery,Shoppe,Killer Rabbit Brewery,Bowditch Island,Manages,2026-03-01T17:36:18+00:00
Specke,League of Shadows,Tailor,Shoppe,,Error,Manages,2026-03-01T17:36:18+00:00
Specke,League of Shadows,Tailor,Stall,Arctical's Tailoring Stall,Admiral Island,Manages,2026-03-01T17:36:18+00:00
Tross,League of Shadows,Weavery,Shoppe,,Error,Owns,2026-03-01T17:36:18+00:00
Tross,League of Shadows,Weavery,Shoppe,Daydream Beweaver,Alkaid Island,Owns,2026-03-01T17:36:18+00:00
Waznarre,League of Shadows,Iron Monger,Shoppe,,Error,Manages,2026-03-01T17:36:18+00:00
Waznarre,League of Shadows,Iron Monger,Shoppe,Pure Balls,Alkaid Island,Manages,2026-03-01T17:36:18+00:00
Ginnginger,League of Shadows,Distillery,Shoppe,,Error,Owns,2026-03-01T17:36:18+00:00
Ginnginger,League of Shadows,Distillery,Stall,Ginnginger's Distilling Stall,Wensleydale,Owns,2026-03-01T17:36:18+00:00
Rayaste,League of Shadows,Distillery,Shoppe,,Error,Owns,2026-03-01T17:36:18+00:00
Rayaste,League of Shadows,Distillery,Stall,Rayaste's Distilling Stall,Admiral Island,Owns,2026-03-01T17:36:18+00:00
Wallan,Imperial Front,Iron Monger,Shoppe,,Error,Owns,2026-03-01T17:36:18+00:00
Wallan,Imperial Front,Iron Monger,Shoppe,Marteau et Enclume,Armstrong Island,Owns,2026-03-01T17:36:18+00:00
Ziguezon,Imperial Front,Iron Monger,Shoppe,,Error,Manages,2026-03-01T17:36:18+00:00
Ziguezon,Imperial Front,Iron Monger,Shoppe,Marteau et Enclume,Armstrong Island,Manages,2026-03-01T17:36:18+00:00
Jonwilksboot,Imperial Front,Iron Monger,Shoppe,,Error,Owns,2026-03-01T17:36:18+00:00
Jonwilksboot,Imperial Front,Iron Monger,Stall,Jonwilksboot's Ironworking Stall,Admiral Island,Owns,2026-03-01T17:36:18+00:00
Basenji,Djinn N Tonic,Tailor,Shoppe,,Error,Manages,2026-03-01T17:36:18+00:00
Basenji,Djinn N Tonic,Tailor,Shoppe,Fully Stitched,Admiral Island,Manages,2026-03-01T17:36:18+00:00
Als,Djinn N Tonic,Iron Monger,Shoppe,,Error,Owns,2026-03-01T17:36:18+00:00
Als,Djinn N Tonic,Iron Monger,Shoppe,Balls That Cast Shadows,Scrimshaw Island,Owns,2026-03-01T17:36:18+00:00
Als,Djinn N Tonic,Apothecary,Shoppe,Djinn Unbottled,Scrimshaw Island,Owns,2026-03-01T17:36:18+00:00
Als,Djinn N Tonic,Apothecary,Shoppe,", Addicted",Barbary Island,Owns,2026-03-01T17:36:18+00:00
Als,Djinn N Tonic,Iron Monger,Shoppe,Sweet Greedy Ballers,Sayers Rock,Manages,2026-03-01T17:36:18+00:00
Als,Djinn N Tonic,Shipyard,Shoppe,Marauder's Massif,Sayers Rock,Manages,2026-03-01T17:36:18+00:00
Als,Djinn N Tonic,Distillery,Shoppe,The Mashed Potato,Bowditch Island,Manages,2026-03-01T17:36:18+00:00
Als,Djinn N Tonic,Iron Monger,Stall,Outblacked's Ironworking Stall,Chachapoya Island,Manages,2026-03-01T17:36:18+00:00
Hamstars,Djinn N Tonic,Iron Monger,Shoppe,,Error,Owns,2026-03-01T17:36:18+00:00
Hamstars,Djinn N Tonic,Iron Monger,Stall,Hamstars's Ironworking Stall,Admiral Island,Owns,2026-03-01T17:36:18+00:00
Lekeekle,Djinn N Tonic,Iron Monger,Shoppe,,Error,Owns,2026-03-01T17:36:18+00:00
Lekeekle,Djinn N Tonic,Iron Monger,Shoppe,Iron Draught,Barbary Island,Owns,2026-03-01T17:36:18+00:00
Lekeekle,Djinn N Tonic,Iron Monger,Shoppe,", Hammered Spirits",Barbary Island,Owns,2026-03-01T17:36:18+00:00
Lekeekle,Djinn N Tonic,Distillery,Shoppe,The Mashed Potato,Bowditch Island,Owns,2026-03-01T17:36:18+00:00
Lekeekle,Djinn N Tonic,Iron Monger,Stall,Lekeekle's Ironworking Stall,Isle of Kent,Owns,2026-03-01T17:36:18+00:00
Lekeekle,Djinn N Tonic,Apothecary,Stall,Lekeekle's Apothecary Stall,Wensleydale,Owns,2026-03-01T17:36:18+00:00
Lekeekle,Djinn N Tonic,Iron Monger,Stall,Lekeekle's Ironworking Stall,Hubble's Eye,Owns,2026-03-01T17:36:18+00:00
Lekeekle,Djinn N Tonic,Iron Monger,Stall,Lekeekle's Ironworking Stall,Wensleydale,Owns,2026-03-01T17:36:18+00:00
Lukineight,Djinn N Tonic,Fort,Shoppe,,Error,Owns,2026-03-01T17:36:18+00:00
Lukineight,Djinn N Tonic,Fort,Shoppe,Saiph to Drink,Saiph Island,Owns,2026-03-01T17:36:18+00:00
Lukineight,Djinn N Tonic,Shipyard,Shoppe,Saiph to Sail,Saiph Island,Manages,2026-03-01T17:36:18+00:00
Lukineight,Djinn N Tonic,Iron Monger,Stall,Lukineight's Ironworking Stall,Bowditch Island,Owns,2026-03-01T17:36:18+00:00
Lukineight,Djinn N Tonic,Iron Monger,Stall,Lukineight's Ironworking Stall,Aimuari Island,Owns,2026-03-01T17:36:18+00:00
Lukineight,Djinn N Tonic,Iron Monger,Stall,Lukineight's Ironworking Stall,Armstrong Island,Owns,2026-03-01T17:36:18+00:00
Lukineight,Djinn N Tonic,Iron Monger,Stall,Lukineight's Ironworking Stall,Admiral Island,Owns,2026-03-01T17:36:18+00:00
Lukineight,Djinn N Tonic,Iron Monger,Stall,Lukineight's Ironworking Stall,Hubble's Eye,Owns,2026-03-01T17:36:18+00:00
Lukineight,Djinn N Tonic,Iron Monger,Stall,Lukineight's Ironworking Stall,Barbary Island,Owns,2026-03-01T17:36:18+00:00
Lukineight,Djinn N Tonic,Iron Monger,Stall,Lukineight's Ironworking Stall,Greenwich Island,Owns,2026-03-01T17:36:18+00:00
Lukineight,Djinn N Tonic,Weavery,Stall,Lukineight's Weaving Stall,Admiral Island,Owns,2026-03-01T17:36:18+00:00
Rikitoc,Djinn N Tonic,Shipyard,Shoppe,,Error,Manages,2026-03-01T17:36:18+00:00
Rikitoc,Djinn N Tonic,Shipyard,Shoppe,Kick Ash Repairs,Ashkelon Arch,Manages,2026-03-01T17:36:18+00:00
Rikitoc,Djinn N Tonic,Fort,Shoppe,Kick Ash Fort,Ashkelon Arch,Manages,2026-03-01T17:36:18+00:00
Rikitoc,Djinn N Tonic,Iron Monger,Stall,Rikitoc's Ironworking Stall,Admiral Island,Owns,2026-03-01T17:36:18+00:00
Rikitoc,Djinn N Tonic,Iron Monger,Stall,Rikitoc's Ironworking Stall,Lincoln Island,Owns,2026-03-01T17:36:18+00:00
Churros,Djinn N Tonic,Iron Monger,Shoppe,,Error,Owns,2026-03-01T17:36:18+00:00
Churros,Djinn N Tonic,Iron Monger,Stall,Churros's Ironworking Stall,Admiral Island,Owns,2026-03-01T17:36:18+00:00
Goldenoldie,Djinn N Tonic,Distillery,Shoppe,,Error,Manages,2026-03-01T17:36:18+00:00
Goldenoldie,Djinn N Tonic,Distillery,Shoppe,The Mashed Potato,Bowditch Island,Manages,2026-03-01T17:36:18+00:00
Scoldings,Djinn N Tonic,Iron Monger,Shoppe,,Error,Owns,2026-03-01T17:36:18+00:00
Scoldings,Djinn N Tonic,Iron Monger,Stall,Scoldings's Ironworking Stall,Admiral Island,Owns,2026-03-01T17:36:18+00:00
Starfoxius,Djinn N Tonic,Iron Monger,Shoppe,,Error,Owns,2026-03-01T17:36:18+00:00
Starfoxius,Djinn N Tonic,Iron Monger,Stall,Starfoxius's Ironworking Stall,Admiral Island,Owns,2026-03-01T17:36:18+00:00
Starfoxius,Djinn N Tonic,Distillery,Stall,Starfoxius's Distilling Stall,Admiral Island,Owns,2026-03-01T17:36:18+00:00
Starfoxius,Djinn N Tonic,Tailor,Stall,Starfoxius's Tailoring Stall,Wensleydale,Owns,2026-03-01T17:36:18+00:00
Feefee,Djinn N Tonic,Iron Monger,Shoppe,,Error,Manages,2026-03-01T17:36:18+00:00
Feefee,Djinn N Tonic,Iron Monger,Stall,Lukineight's Ironworking Stall,Barbary Island,Manages,2026-03-01T17:36:18+00:00
Feefee,Djinn N Tonic,Iron Monger,Stall,Lukineight's Ironworking Stall,Bowditch Island,Manages,2026-03-01T17:36:18+00:00
Feefee,Djinn N Tonic,Iron Monger,Stall,Lukineight's Ironworking Stall,Aimuari Island,Manages,2026-03-01T17:36:18+00:00
Feefee,Djinn N Tonic,Iron Monger,Stall,Lukineight's Ironworking Stall,Armstrong Island,Manages,2026-03-01T17:36:18+00:00
Feefee,Djinn N Tonic,Iron Monger,Stall,Lukineight's Ironworking Stall,Admiral Island,Manages,2026-03-01T17:36:18+00:00
Feefee,Djinn N Tonic,Weavery,Stall,Lukineight's Weaving Stall,Admiral Island,Manages,2026-03-01T17:36:18+00:00
Feefee,Djinn N Tonic,Iron Monger,Stall,Lukineight's Ironworking Stall,Greenwich Island,Manages,2026-03-01T17:36:18+00:00
Mrtickles,More Wine Less Whine,Shipyard,Shoppe,,Error,Manages,2026-03-01T17:36:18+00:00
Mrtickles,More Wine Less Whine,Shipyard,Shoppe,Kick Ash Repairs,Ashkelon Arch,Manages,2026-03-01T17:36:18+00:00
Amazingdartz,New Frigs On The Block,Apothecary,Shoppe,,Error,Manages,2026-03-01T17:36:18+00:00
Amazingdartz,New Frigs On The Block,Apothecary,Shoppe,The Chemical Dart,Sayers Rock,Manages,2026-03-01T17:36:18+00:00
Amazingdartz,New Frigs On The Block,Iron Monger,Shoppe,The Smelting Dart,Sayers Rock,Manages,2026-03-01T17:36:18+00:00
Amazingdartz,New Frigs On The Block,Distillery,Shoppe,The Drunk Dart,Sayers Rock,Manages,2026-03-01T17:36:18+00:00
Amazingdartz,New Frigs On The Block,Shipyard,Shoppe,The Accrued Dart,Penobscot Island,Manages,2026-03-01T17:36:18+00:00
Amazingdartz,New Frigs On The Block,Iron Monger,Shoppe,The Ironic Dart,Sayers Rock,Manages,2026-03-01T17:36:18+00:00
Amazingdartz,New Frigs On The Block,Weavery,Shoppe,The Sewing Dart,Sayers Rock,Manages,2026-03-01T17:36:18+00:00
Amazingdartz,New Frigs On The Block,Shipyard,Shoppe,The Sinking Dart,Sayers Rock,Manages,2026-03-01T17:36:18+00:00
Amazingdartz,New Frigs On The Block,Iron Monger,Shoppe,The Molten Dart,Sayers Rock,Manages,2026-03-01T17:36:18+00:00
Lawyerbabe,The Final Verdict,Tailor,Shoppe,,Error,Owns,2026-03-01T17:36:18+00:00
Lawyerbabe,The Final Verdict,Tailor,Stall,Lawyerbabe's Tailoring Stall,Admiral Island,Owns,2026-03-01T17:36:18+00:00
Sezlia,The Final Verdict,Tailor,Shoppe,,Error,Manages,2026-03-01T17:36:18+00:00
Sezlia,The Final Verdict,Tailor,Stall,Lawyerbabe's Tailoring Stall,Admiral Island,Manages,2026-03-01T17:36:18+00:00
Lovemimi,Comic Relief,Tailor,Shoppe,,Error,Owns,2026-03-01T17:36:18+00:00
Lovemimi,Comic Relief,Tailor,Stall,Lovemimi's Tailoring Stall,Lincoln Island,Owns,2026-03-01T17:36:18+00:00
Amazingdarts,Ode to Piracy,Apothecary,Shoppe,,Error,Owns,2026-03-01T17:36:18+00:00
Amazingdarts,Ode to Piracy,Apothecary,Shoppe,The Chemical Dart,Sayers Rock,Owns,2026-03-01T17:36:18+00:00
Amazingdarts,Ode to Piracy,Iron Monger,Shoppe,The Smelting Dart,Sayers Rock,Owns,2026-03-01T17:36:18+00:00
Amazingdarts,Ode to Piracy,Distillery,Shoppe,The Drunk Dart,Sayers Rock,Owns,2026-03-01T17:36:18+00:00
Amazingdarts,Ode to Piracy,Shipyard,Shoppe,The Accrued Dart,Penobscot Island,Owns,2026-03-01T17:36:18+00:00
Amazingdarts,Ode to Piracy,Iron Monger,Shoppe,The Ironic Dart,Sayers Rock,Owns,2026-03-01T17:36:18+00:00
Amazingdarts,Ode to Piracy,Weavery,Shoppe,The Sewing Dart,Sayers Rock,Owns,2026-03-01T17:36:18+00:00
Amazingdarts,Ode to Piracy,Fort,Shoppe,The Fortified Dart,Penobscot Island,Owns,2026-03-01T17:36:18+00:00
Amazingdarts,Ode to Piracy,Shipyard,Shoppe,The Sinking Dart,Sayers Rock,Owns,2026-03-01T17:36:18+00:00
Amazingdarts,Ode to Piracy,Iron Monger,Shoppe,The Molten Dart,Sayers Rock,Owns,2026-03-01T17:36:18+00:00
Amazingdarts,Ode to Piracy,Distillery,Shoppe,The Jordanian Distillery,Bowditch Island,Manages,2026-03-01T17:36:18+00:00
Amazingdarts,Ode to Piracy,Apothecary,Shoppe,The Jordanian Apothecary,Bowditch Island,Manages,2026-03-01T17:36:18+00:00
Amazingdarts,Ode to Piracy,Iron Monger,Shoppe,The Jordanian Steel,Bowditch Island,Manages,2026-03-01T17:36:18+00:00
Amazingtarts,Ode to Piracy,Apothecary,Shoppe,,Error,Manages,2026-03-01T17:36:18+00:00
Amazingtarts,Ode to Piracy,Apothecary,Shoppe,The Chemical Dart,Sayers Rock,Manages,2026-03-01T17:36:18+00:00
Amazingtarts,Ode to Piracy,Iron Monger,Shoppe,The Smelting Dart,Sayers Rock,Manages,2026-03-01T17:36:18+00:00
Amazingtarts,Ode to Piracy,Distillery,Shoppe,The Drunk Dart,Sayers Rock,Manages,2026-03-01T17:36:18+00:00
Amazingtarts,Ode to Piracy,Iron Monger,Shoppe,The Ironic Dart,Sayers Rock,Manages,2026-03-01T17:36:18+00:00
Amazingtarts,Ode to Piracy,Weavery,Shoppe,The Sewing Dart,Sayers Rock,Manages,2026-03-01T17:36:18+00:00
Amazingtarts,Ode to Piracy,Shipyard,Shoppe,The Sinking Dart,Sayers Rock,Manages,2026-03-01T17:36:18+00:00
Amazingtarts,Ode to Piracy,Iron Monger,Shoppe,The Molten Dart,Sayers Rock,Manages,2026-03-01T17:36:18+00:00
Captbiology,Ode to Piracy,Apothecary,Shoppe,,Error,Manages,2026-03-01T17:36:18+00:00
Captbiology,Ode to Piracy,Apothecary,Shoppe,The Chemical Dart,Sayers Rock,Manages,2026-03-01T17:36:18+00:00
Captbiology,Ode to Piracy,Distillery,Shoppe,The Drunk Dart,Sayers Rock,Manages,2026-03-01T17:36:18+00:00
Captbiology,Ode to Piracy,Iron Monger,Shoppe,The Ironic Dart,Sayers Rock,Manages,2026-03-01T17:36:18+00:00
Captbiology,Ode to Piracy,Weavery,Shoppe,The Sewing Dart,Sayers Rock,Manages,2026-03-01T17:36:18+00:00
Captbiology,Ode to Piracy,Shipyard,Shoppe,The Sinking Dart,Sayers Rock,Manages,2026-03-01T17:36:18+00:00
Bkierzy,Piece Keepers,Shipyard,Shoppe,,Error,Manages,2026-03-01T17:36:18+00:00
Bkierzy,Piece Keepers,Shipyard,Stall,Cornonthecob's Shipbuilding Stall,Isle of Kent,Manages,2026-03-01T17:36:18+00:00
Cornonthecob,Piece Keepers,Shipyard,Shoppe,,Error,Owns,2026-03-01T17:36:18+00:00
Cornonthecob,Piece Keepers,Shipyard,Stall,Cornonthecob's Shipbuilding Stall,Isle of Kent,Owns,2026-03-01T17:36:18+00:00
Gurlar,Roulette Pirates,Furnisher,Shoppe,,Error,Owns,2026-03-01T17:36:18+00:00
Gurlar,Roulette Pirates,Furnisher,Stall,Gurlar's Furnishing Stall,Admiral Island,Owns,2026-03-01T17:36:18+00:00
Rumsundae,Fairy Floss Fanatics,Iron Monger,Shoppe,,Error,Owns,2026-03-01T17:36:18+00:00
Rumsundae,Fairy Floss Fanatics,Iron Monger,Shoppe,A Hazy Blade of Winter,Caravanserai Island,Owns,2026-03-01T17:36:18+00:00
